{"agent":"ida_star","avg_memory_mb":91.23046875,"mean_score":2922.4,"win_rate":0,"hyperparameters":{"ncols":2,"nrows":1,"_type":"table-file","sha256":"10b261b409eb0643eb25a9d74468d4e700628cf91de5660e85e9a9af6d362e5d","size":67,"artifact_path":"wandb-client-artifact://lx32zgvvgwei1vwjsbf01j9e58z97vda6yhyn51h52zaetsh9baiew0pmkm3wfglyeqtez961z2utaa43mjjcw00fwt8z4kuuypp9g0mi43bxx5z9q9ujxnevhudppll/hyperparameters.table.json","_latest_artifact_path":"wandb-client-artifact://numw57pb0mn8jj4aokv140knafy6k3kte5iz1zgtl6z0d89rbgmzpvlbvlrrf0kkohp97wr4scd3u9nbqluba9pvw0lkr1rx0ssqg7mh3dmp8zjnf0rks7r24k2c2wqy:latest/hyperparameters.table.json","path":"media/table/hyperparameters_20_10b261b409eb0643eb25.table.json"},"max_score":4676,"max_tile":128,"win":false,"_runtime":2.585805276,"moves":216,"avg_decision_time_s":0.0003427130825541638,"min_score":1388,"mean_memory_usage_mb":91.23046875,"_wandb":{"runtime":2},"avg_memory_bytes":9.566208e+07,"peak_memory_usage_mb":91.23046875,"mean_game_time_s":0.0814800202846527,"max_max_tile":512,"game_index":19,"mean_max_tile":243.2,"mean_moves_to_game_over":242.55,"score_variance":772848.6399999999,"mean_decision_time_s":0.00033324777041727967,"cpu_time_s":0.0699999999999994,"game_time_s":0.07452977728098631,"_step":20,"_timestamp":1.7464532952184033e+09,"final_score":2288,"num_games":20,"memory_percent":0.28586455760516616}