{"_runtime":3.654291116,"mean_max_tile":204.8,"win_rate":0,"avg_memory_bytes":9.4334976e+07,"peak_memory_usage_mb":89.96484375,"score_variance":804748.1599999999,"mean_memory_usage_mb":89.93984375,"cpu_time_s":0.13999999999999968,"game_index":9,"mean_moves_to_game_over":200.8,"avg_decision_time_s":0.0011022793989315743,"min_score":920,"game_time_s":0.14481478789821267,"final_score":1252,"max_score":3468,"hyperparameters":{"path":"media/table/hyperparameters_10_10b261b409eb0643eb25.table.json","ncols":2,"nrows":1,"_type":"table-file","sha256":"10b261b409eb0643eb25a9d74468d4e700628cf91de5660e85e9a9af6d362e5d","size":67,"artifact_path":"wandb-client-artifact://fi8ggctl4rr7ri07dhjmp5dv263o6vejuttxpthdgmdrzgevvfowxwgdy9ovdiuab6k1icxzjrdjaspyhlnhjn24mhfrss1xkd3jhsiq9g8a5yavkhoa74zz0vhzgrf5/hyperparameters.table.json","_latest_artifact_path":"wandb-client-artifact://bqgouynzj26rkvb8matdx5htppz6q337zutef0l6bal3l5r80v0ghe8jg0rcb0w54oue5qdeihkw6o549ph8zr6lct1lf9tues9g7srfosbqm3d5wtra3c5yi18li3ec:latest/hyperparameters.table.json"},"win":false,"max_max_tile":256,"_step":10,"max_tile":128,"num_games":10,"agent":"a_star","mean_score":2315.2,"_timestamp":1.7464480968553917e+09,"memory_percent":0.281898806517002,"_wandb":{"runtime":3},"avg_memory_mb":89.96484375,"moves":131,"mean_decision_time_s":0.0011435717697240472,"mean_game_time_s":0.23032116261310875}