{"cpu_time_s":407.5099999999999,"moves":5001,"win_rate":1,"final_score":122140,"agent":"alpha_beta_expectimax","_runtime":935.548051432,"score_variance":7.27008856888889e+08,"avg_memory_mb":91.1292953187251,"_timestamp":1.746429812122412e+09,"max_tile":8192,"mean_memory_usage_mb":90.93549508470765,"mean_max_tile":5461.333333333333,"avg_decision_time_s":0.0813697796857621,"max_max_tile":8192,"num_games":3,"mean_score":86117.33333333333,"mean_game_time_s":311.64313328204054,"max_score":122140,"game_time_s":406.9551456682384,"avg_memory_bytes":9.555599196812749e+07,"game_index":2,"memory_percent":0.28554753744107986,"win":true,"_step":2,"mean_moves_to_game_over":3768,"peak_memory_usage_mb":91.171875,"_wandb":{"runtime":935},"mean_decision_time_s":0.08270258840981058,"min_score":57276}