{"hyperparameters":{"_latest_artifact_path":"wandb-client-artifact://j6c96zsm7nnrspq6zgag3eq7od107aujhf5rsc2hpq4fwa0f6d17ho7nv9y37x64oxnerd38tqmfxts9btrwbb9jz2vl1qmioymleb0m3i0chcrynf4v3ait7blu1mba:latest/hyperparameters.table.json","path":"media/table/hyperparameters_100_2c5ccf783a982f204879.table.json","ncols":2,"nrows":1,"_type":"table-file","sha256":"2c5ccf783a982f2048798ddc3f2b81a1acbc990f238760be48ecbf76529db29f","size":67,"artifact_path":"wandb-client-artifact://ixek31dfh39zi7u875d6nujiww650sf3c63h7e80vu9t2j9d5cw9jefj125nr00w49k5g7k0oekdm66782utrc4v7bd2c83psj1d3rrj5rh4y3g9zr8oan605xqr92bh/hyperparameters.table.json"},"min_score":832,"mean_moves_to_game_over":241.24,"_step":100,"avg_memory_bytes":9.5281152e+07,"final_score":4816,"game_index":99,"_runtime":29.468199675,"mean_memory_usage_mb":90.35984105911226,"moves":330,"_timestamp":1.746487990319019e+09,"win":false,"avg_decision_time_s":0.0012423575573572607,"mean_decision_time_s":0.0011450231110495214,"peak_memory_usage_mb":90.8671875,"mean_max_tile":264.96,"max_max_tile":1024,"max_score":11552,"mean_score":3026.68,"max_tile":512,"score_variance":2.540888977599999e+06,"cpu_time_s":0.42000000000000015,"win_rate":0,"mean_game_time_s":0.27705405923072246,"game_time_s":0.410989036783576,"_wandb":{"runtime":29},"num_games":100,"agent":"a_star","avg_memory_mb":90.8671875,"memory_percent":0.2847262401631931}