{"num_games":5000,"moves":170,"game_index":4999,"win_rate":0,"hyperparameters":{"path":"media/table/hyperparameters_5000_14c79777f1504ec10c42.table.json","ncols":2,"nrows":3,"_type":"table-file","sha256":"14c79777f1504ec10c42a1101e61df2b92e6a19e2b27e2bb702c74fe02713b74","size":122,"artifact_path":"wandb-client-artifact://zpnx6pd3nuujc6r5iqk6cfrrskixos0fyg4pucz18874jkdm4ysiqwsrlu6js1f125wxcth8mp5ewd1axk32xb5qpkvga5wl0kbjbnspc3os1zf5jzat9henukqs52an/hyperparameters.table.json","_latest_artifact_path":"wandb-client-artifact://w1qw4buxwm1rps7brd8k7396gmvu7qr5vmqjptp17t6m6avhvwe2mow32tzu43ul3cm4lt1c55tq6ynlwhdhyzc89bh7yzxbge7u4fmu15jckd5qaq74slexug6owkc4:latest/hyperparameters.table.json"},"_runtime":41.316959692,"cpu_time_s":0.010000000000005116,"game_time_s":0.011527020018547773,"agent":"td_learning","final_score":1616,"mean_decision_time_s":6.567033672291553e-05,"mean_moves_to_game_over":99.9266,"peak_memory_usage_mb":111.0390625,"max_tile":128,"mean_max_tile":72.8736,"min_score":40,"win":false,"avg_memory_mb":111.0390625,"mean_game_time_s":0.006844242161791771,"_timestamp":1.7464857196980395e+09,"score_variance":259102.06513600124,"max_max_tile":256,"mean_score":815.308,"mean_memory_usage_mb":100.84709510220992,"memory_percent":0.3479334581239329,"_wandb":{"runtime":41},"avg_decision_time_s":6.537325954174294e-05,"avg_memory_bytes":1.16432896e+08,"_step":5000,"max_score":3648}