{"avg_memory_mb":90.14880438535911,"win_rate":0.8,"_runtime":985.661103075,"game_time_s":306.1801609667018,"hyperparameters":{"_type":"table-file","sha256":"63678547350a2482d8958750cae2cf1d37a70342fcb6184702285cdfe8c0e06b","size":61,"artifact_path":"wandb-client-artifact://737v37sg9tiijv3tk94aifhv2xsi7lwvjo2ed8dw8y006r1ypu5ae908qlq7j88uuet3z5emqbr7b2exbjo6catk1ovbms06noymupjc9gpqfeftq6nklltmgjv8n3k2/hyperparameters.table.json","_latest_artifact_path":"wandb-client-artifact://8x97kh23r6xfveoirl88zo846y5p9mtijrruqfpb93wc3tmnxplatreb3sraech783hugesz268zo1asinpjggzfixza4ji02xgbjh9exz5qxfp8ez21btumnva6gga5:latest/hyperparameters.table.json","path":"media/table/hyperparameters_5_63678547350a2482d895.table.json","ncols":2,"nrows":1},"mean_score":44854.4,"num_games":5,"_timestamp":1.746392090312499e+09,"final_score":78656,"peak_memory_usage_mb":90.4765625,"avg_memory_bytes":9.452787270718232e+07,"mean_max_tile":2560,"score_variance":7.150501734399999e+08,"mean_moves_to_game_over":2151.8,"mean_decision_time_s":0.09147448020947654,"_step":5,"memory_percent":0.28247523483491194,"cpu_time_s":306.59,"moves":3605,"agent":"expectimax","mean_memory_usage_mb":90.29202939559033,"max_tile":4096,"game_index":4,"avg_decision_time_s":0.08492752455611521,"mean_game_time_s":196.84524055337533,"_wandb":{"runtime":985},"max_score":78656,"win":true,"min_score":5312,"max_max_tile":4096}