{"score_variance":1.9601113599999999e+06,"mean_decision_time_s":0.000841746420213362,"num_games":5,"win":false,"avg_memory_bytes":9.4339072e+07,"final_score":7092,"memory_percent":0.28191104648949633,"hyperparameters":{"ncols":2,"nrows":1,"_type":"table-file","sha256":"26f70e363a7b916a560de4e8ab9a85cfbd43432c50114513dfed51c917453cca","size":68,"artifact_path":"wandb-client-artifact://kvt0yuhwig0mdj3kpd460c98fkkbzhlyufagcewfwn4bct83nnax95d2kz73g9rp8hh0to638pg11ytlwda0ev9ibcn5jbaarjbilf5rj3e57gta7pcm10jkw6b3gpq9/hyperparameters.table.json","_latest_artifact_path":"wandb-client-artifact://8bvffe4dxolj4vbwicn5gnuwld7x0v1v126p2vgnmp4hgigq3jd5k5ukpxi4iuw0yksunjkdp177f9lsebopnic62m5cutwyhjb75zj3uzsp75zz2idbccpq8fbcxwql:latest/hyperparameters.table.json","path":"media/table/hyperparameters_5_26f70e363a7b916a560d.table.json"},"mean_game_time_s":0.3465603206306696,"_timestamp":1.7462695366824732e+09,"game_time_s":0.416711718775332,"_runtime":3.166791163,"_wandb":{"runtime":3},"min_score":3288,"cpu_time_s":0.4200000000000004,"_step":5,"max_score":7092,"mean_memory_usage_mb":89.96875,"peak_memory_usage_mb":89.96875,"moves":484,"win_rate":0,"mean_moves_to_game_over":410,"agent":"a_star","max_max_tile":512,"avg_decision_time_s":0.0008566962537732868,"game_index":4,"mean_max_tile":460.8,"avg_memory_mb":89.96875,"max_tile":512,"mean_score":5851.2}