{"agent":"greedy_bfs","_step":49,"game_time_s":0.011103992816060781,"avg_memory_bytes":9.5285248e+07,"max_tile":128,"peak_memory_usage_mb":90.87109375,"min_score":1256,"cpu_time_s":0.010000000000000231,"mean_game_time_s":0.027385171446949245,"win_rate":0,"moves":135,"mean_memory_usage_mb":90.64518929597702,"mean_score":4702.96,"memory_percent":0.2847384801356874,"game_index":49,"avg_memory_mb":90.87109375,"mean_max_tile":373.76,"_wandb":{"runtime":2},"mean_moves_to_game_over":341.52,"score_variance":7.6787633983999975e+06,"avg_decision_time_s":7.97796235592277e-05,"final_score":1256,"num_games":50,"_runtime":2.114142618,"max_score":12428,"mean_decision_time_s":7.785574981799223e-05,"_timestamp":1.746389482922003e+09,"max_max_tile":1024,"win":false}