{"mean_game_time_s":10.266628481913358,"mean_max_tile":256,"max_tile":256,"avg_memory_mb":102.68359375,"num_games":1,"moves":268,"win":false,"_wandb":{"runtime":11},"mean_decision_time_s":0.03830426953969273,"memory_percent":0.3217521569585529,"_runtime":11.333502667,"win_rate":0,"final_score":3300,"cpu_time_s":10.290000000000001,"game_index":0,"max_max_tile":256,"peak_memory_usage_mb":102.68359375,"min_score":3300,"_step":1,"max_score":3300,"mean_memory_usage_mb":102.68359375,"avg_decision_time_s":0.03830426953969273,"avg_memory_bytes":1.07671552e+08,"agent":"mcts","score_variance":0,"game_time_s":10.266628481913358,"hyperparameters":{"nrows":2,"_type":"table-file","sha256":"921e228fb69722a1a53b0b00ac598873fb4e94474dafcd9c6d97fb6aa059b827","size":93,"artifact_path":"wandb-client-artifact://e82iutfz9l6m8rmliw1n9jqm3o0t9h6vav4bydlqkm3uivqqhsoy68k03nzhe2zteithgelr6kzngbbh50kx4s8lmexywus63yd7tpsw8oznlhac3ns5mr8gf69vhp0o/hyperparameters.table.json","_latest_artifact_path":"wandb-client-artifact://kgf0w1cuynslz5myn9svas9do6od8zf67c5gda38a072yntq0w3ctkzkffbz7n6r6b71h09iuazypvjxrwx0d01rdn500ry87pmr1l8k2fctm4n0sud84ca8baewy161:latest/hyperparameters.table.json","path":"media/table/hyperparameters_1_921e228fb69722a1a53b.table.json","ncols":2},"_timestamp":1.7464872341779187e+09,"mean_moves_to_game_over":268,"mean_score":3300}