{"min_score":20,"max_score":3664,"score_variance":254909.0044000012,"mean_game_time_s":0.006921459982637316,"game_index":4999,"mean_score":808.26,"mean_memory_usage_mb":101.09288048650083,"_wandb":{"runtime":41},"moves":170,"final_score":1588,"agent":"td_learning","num_games":5000,"_step":5000,"win":false,"max_max_tile":256,"hyperparameters":{"path":"media/table/hyperparameters_5000_14c79777f1504ec10c42.table.json","ncols":2,"nrows":3,"_type":"table-file","sha256":"14c79777f1504ec10c42a1101e61df2b92e6a19e2b27e2bb702c74fe02713b74","size":122,"artifact_path":"wandb-client-artifact://efd6380oivdfwp0bk54d4m3x1joxu6hhowqdjry167hssn34hqy9wz1r10hff05y09lc87w7nxx7um4eea1r4fulw5uwn52qjp7x295lb70bcu3ylkj9i1lhqlcujqs3/hyperparameters.table.json","_latest_artifact_path":"wandb-client-artifact://bli4zc5hb84usyix4nhiozcuo6ptlvvmjvny1kwc0mov9h1mgxlv2oe32txhxte08kr0odbz0to0x18s54vr1l74x4g1se2pc06c0i5u81n5t32g3ksm8ap44ed3kbwq:latest/hyperparameters.table.json"},"mean_max_tile":72.1744,"avg_memory_bytes":1.18452224e+08,"game_time_s":0.012618128210306168,"cpu_time_s":0.00999999999999801,"win_rate":0,"max_tile":128,"mean_decision_time_s":6.678468163885338e-05,"mean_moves_to_game_over":99.3678,"_timestamp":1.746486738123473e+09,"_runtime":41.262839912,"memory_percent":0.3539677645636395,"avg_decision_time_s":7.029801387997235e-05,"avg_memory_mb":112.96484375,"peak_memory_usage_mb":112.96484375}