{"agent":"greedy_bfs","peak_memory_usage_mb":90.34765625,"mean_game_time_s":0.027180498177185656,"max_tile":512,"mean_max_tile":323.84,"max_score":12772,"mean_decision_time_s":7.858851844496564e-05,"avg_memory_mb":90.34765625,"min_score":972,"game_time_s":0.038164927158504725,"avg_memory_bytes":9.4736384e+07,"num_games":50,"_step":49,"avg_decision_time_s":7.968287827055341e-05,"mean_score":4483.28,"final_score":6864,"max_max_tile":1024,"win_rate":0,"win":false,"game_index":49,"_wandb":{"runtime":2},"mean_memory_usage_mb":90.14380427996672,"mean_moves_to_game_over":335.1,"cpu_time_s":0.040000000000000036,"_runtime":2.069736984,"score_variance":6.8874506816e+06,"moves":466,"memory_percent":0.28309832382144673,"_timestamp":1.7463895075360491e+09}