{"mean_max_tile":278.4,"mean_memory_usage_mb":90.51876693111456,"cpu_time_s":0.17999999999999972,"_runtime":4.990327095,"_step":20,"avg_memory_mb":90.58203125,"agent":"a_star","win_rate":0,"win":false,"max_tile":256,"num_games":20,"max_score":7052,"mean_decision_time_s":0.0006751461843487262,"mean_moves_to_game_over":257.1,"avg_memory_bytes":9.4982144e+07,"moves":268,"final_score":3196,"hyperparameters":{"size":67,"artifact_path":"wandb-client-artifact://upwflhmczmg1zfh207y2fzv90vgfenx111j5o34r1hdpoqiwavx06dwq8hz3fr1jcs61edpn60xj76qp0ekt8xp6mjmt898u571oy1nygn7nqzra5060c44kqqevgc8m/hyperparameters.table.json","_latest_artifact_path":"wandb-client-artifact://2ioiv65n9x0fgb7iafyt2pw25o5ovcq34jnxfamu0lbupcr9tf9o6cngfw8cggnucdnbkqb2qo44uhsu6uebqjg2y317qk2hgko3tiwl1aarz13kqb3121dg39vcdo24:latest/hyperparameters.table.json","path":"media/table/hyperparameters_20_10b261b409eb0643eb25.table.json","ncols":2,"nrows":1,"_type":"table-file","sha256":"10b261b409eb0643eb25a9d74468d4e700628cf91de5660e85e9a9af6d362e5d"},"mean_game_time_s":0.1744537034770474,"max_max_tile":512,"score_variance":2.6234001599999997e+06,"peak_memory_usage_mb":90.58203125,"avg_decision_time_s":0.0006626022896215097,"_timestamp":1.746450903833101e+09,"min_score":900,"game_index":19,"memory_percent":0.2838327221711067,"mean_score":3262.8,"_wandb":{"runtime":4},"game_time_s":0.17934239516034722}