{"avg_memory_bytes":1.0911853892682926e+08,"_step":1,"_wandb":{"runtime":226},"max_max_tile":512,"min_score":6008,"memory_percent":0.32607615114411215,"mean_score":6008,"mean_moves_to_game_over":400,"mean_memory_usage_mb":104.06354801829268,"hyperparameters":{"sha256":"04308472e809ad59a56d91b0f44d55c90c2d052f236cf3e5a90979ea96cacc08","size":94,"artifact_path":"wandb-client-artifact://3442e3yiyhpbmxfovo326oz44srdvybb8xhp23oxeb1i1q3awaa2fp12nftbjz3nmtjk8htdmiev84golfoe54h3s1vgmclpjptkhmjkioijlhng026yvmiv3ihmirka/hyperparameters.table.json","_latest_artifact_path":"wandb-client-artifact://af0xecb8buhpcwsvtai5meiu8y37qx44sjfoq21g1an7e17uldlnme88r5twf1dnigyyrz5amcjbj34ra504bvd4ozr2bmalq72ycfdzl70s16qewwii9i3kl5fyn1al:latest/hyperparameters.table.json","path":"media/table/hyperparameters_1_04308472e809ad59a56d.table.json","ncols":2,"nrows":2,"_type":"table-file"},"_runtime":226.647174744,"game_time_s":225.55893107084557,"num_games":1,"agent":"mcts","_timestamp":1.7464875070229201e+09,"max_tile":512,"max_score":6008,"final_score":6008,"game_index":0,"avg_decision_time_s":0.5638922521437053,"cpu_time_s":225.92000000000002,"score_variance":0,"peak_memory_usage_mb":104.43359375,"win":false,"mean_max_tile":512,"avg_memory_mb":104.06354801829268,"mean_decision_time_s":0.5638922521437053,"win_rate":0,"moves":400,"mean_game_time_s":225.55893107084557}