{"memory_percent":0.28043000981768196,"win":false,"game_index":56,"max_tile":128,"moves":129,"final_score":1200,"avg_memory_mb":89.49609375,"avg_memory_bytes":9.3843456e+07,"_timestamp":1.7464888024151194e+09,"_runtime":57.60143925,"avg_decision_time_s":0.004967363522380822,"game_time_s":0.6415424682199955,"_step":56,"_wandb":{"runtime":34472},"cpu_time_s":0.6499999999999986}