{"max_tile":256,"num_games":10,"mean_decision_time_s":6.621609740050715e-05,"mean_score":3362,"mean_max_tile":256,"min_score":1932,"max_max_tile":512,"memory_percent":0.3981696234809028,"game_index":9,"win":false,"mean_game_time_s":0.01798734590120148,"_timestamp":1.746378504058367e+09,"peak_memory_usage_mb":146.78125,"mean_memory_usage_mb":146.76875,"_wandb":{"runtime":1},"score_variance":1.1208456e+06,"moves":227,"hyperparameters":{"path":"media/table/hyperparameters_10_908a2b62982f9c65f6da.table.json","ncols":2,"nrows":1,"_type":"table-file","sha256":"908a2b62982f9c65f6da345ba68bf8478917ac58d4f747bde77b68062e236ea6","size":67,"artifact_path":"wandb-client-artifact://zce4vbvdgqcvahafwztiniuhj27zqqz6jowejtlohk48slfd4278irgt7q3zrxteh3y6xeaf4usd43hw2rl2t3v64fcz1l3av4dx1263byqcd84dj3hsysogjk142rd2/hyperparameters.table.json","_latest_artifact_path":"wandb-client-artifact://d8na1memu78zx3y30fiqk8xlw9fs8rufxg55sw0b6r6sf0bdyixa23227umcy5oen3j7rqrk0d5hu6tx5mcoefk5bdmufvn68ot9cmpqaq3hpb3dqmasme5l7e7421x9:latest/hyperparameters.table.json"},"mean_moves_to_game_over":269.8,"win_rate":0,"avg_memory_mb":146.78125,"_runtime":1.593585,"avg_memory_bytes":1.53911296e+08,"final_score":2788,"agent":"a_star","game_time_s":0.015129374995012768,"_step":10,"max_score":5460,"cpu_time_s":0.015128704000000104,"avg_decision_time_s":6.62468416726069e-05}