{"memory_percent":0.28018725961094487,"_timestamp":1.746257477690228e+09,"cpu_time_s":0.2683448320000006,"avg_decision_time_s":0.0005916754513896798,"win_rate":0,"mean_score":6346.12,"_wandb":{"runtime":26},"avg_memory_bytes":1.083055605106383e+08,"max_score":16036,"hyperparameters":{"artifact_path":"wandb-client-artifact://i6rj78sggxal9pqjgxz5u3lj8klc3drp8tvudh7ea67mg1w5tc09cjsjc48981ptbionof91toavv71ucggt7kyopxqilsbcp2022yyfte6jhno9pb2azm0amqtopi22/hyperparameters.table.json","_latest_artifact_path":"wandb-client-artifact://aab2ys4fj81q16ziyrnjt6jf2gg67nkxis6c2w9du1ng2h4aouruqyp6th18lrcmau70ft7n9ncr3nf0d51qkat99p38if4442c63j8oo6s1fc37dko1xuoge4foxzdh:latest/hyperparameters.table.json","path":"media/table/hyperparameters_100_05147d2918cc4d836c96.table.json","ncols":2,"nrows":1,"_type":"table-file","sha256":"05147d2918cc4d836c9673bbee8279fd321162dc3f980ec74d985deee6876d7a","size":68},"num_games":100,"avg_memory_mb":103.28823138297872,"min_score":1504,"score_variance":9.080699025599997e+06,"game_index":99,"final_score":6792,"game_time_s":0.26803108300009626,"_step":100,"mean_game_time_s":0.25014464166022665,"win":false,"mean_decision_time_s":0.0005825525385921821,"max_max_tile":1024,"max_tile":512,"mean_moves_to_game_over":428.85,"moves":452,"peak_memory_usage_mb":103.3125,"mean_memory_usage_mb":102.5147530603459,"_runtime":26.602135,"agent":"a_star","mean_max_tile":513.28}