{"avg_memory_bytes":9.6555008e+07,"cpu_time_s":0.1899999999999995,"num_games":10,"mean_game_time_s":0.14679339625872673,"min_score":1240,"avg_memory_mb":92.08203125,"game_index":9,"final_score":3356,"moves":277,"score_variance":807666.5599999999,"avg_decision_time_s":0.0006752080142847683,"max_tile":256,"mean_moves_to_game_over":219.5,"mean_max_tile":198.4,"mean_score":2599.2,"_timestamp":1.7464511510604455e+09,"win_rate":0,"hyperparameters":{"sha256":"10b261b409eb0643eb25a9d74468d4e700628cf91de5660e85e9a9af6d362e5d","size":67,"artifact_path":"wandb-client-artifact://a8384uq0etacnqk37sreb2yqgra854fsd4csb2qi1nml1pj9g9sdf1nd3c50f9upnn5ekrx6wcacsayc1xtso6q91o27ywrzbvx6u6bc1tm5us4nv5d9o7mjffzrepbh/hyperparameters.table.json","_latest_artifact_path":"wandb-client-artifact://su754xtmraqo13jf0sxhkueqm3sxypwquxph03a70ar1101v0fev447f5ick9jpnc88x0yoahk55i38w5szwqil1rw5amvenye6cenegolt2p9tavmdcqyivt2xlp2k7:latest/hyperparameters.table.json","path":"media/table/hyperparameters_10_10b261b409eb0643eb25.table.json","ncols":2,"nrows":1,"_type":"table-file"},"_step":10,"mean_memory_usage_mb":92.08203125,"agent":"a_star","_runtime":2.459326039,"peak_memory_usage_mb":92.08203125,"max_max_tile":256,"max_score":3828,"memory_percent":0.28853287160893093,"_wandb":{"runtime":2},"mean_decision_time_s":0.0006656889383657782,"game_time_s":0.18833889020606875,"win":false}