{"mean_game_time_s":0.2471083273179829,"max_tile":256,"final_score":2404,"game_index":9,"mean_moves_to_game_over":207.1,"mean_max_tile":217.6,"moves":209,"_wandb":{"runtime":3},"num_games":10,"mean_memory_usage_mb":90.25,"cpu_time_s":0.2699999999999998,"memory_percent":0.28279232450908837,"avg_decision_time_s":0.0012367929100241671,"score_variance":1.8017881599999997e+06,"hyperparameters":{"path":"media/table/hyperparameters_10_10b261b409eb0643eb25.table.json","ncols":2,"nrows":1,"_type":"table-file","sha256":"10b261b409eb0643eb25a9d74468d4e700628cf91de5660e85e9a9af6d362e5d","size":67,"artifact_path":"wandb-client-artifact://kpxjrq5osrdzhc39xjnj37x2wzybzmo300cf9z92drvhruo4ekfwht59xk7uw56ivp4nifedf544c5znu4b1llk40z30i92gfocatibht3n7dhlc3qa9ywcmn022whla/hyperparameters.table.json","_latest_artifact_path":"wandb-client-artifact://kjpa11thzhxc63xmbsmkjvdvgt00dy67gtpy5qed0fvyt762y68228hxtaien7fa75x0mpfgj0mverx4po1nwt4a9ntpzduwvilzz5776p7pls6j0oe5su30pq04feho:latest/hyperparameters.table.json"},"max_max_tile":512,"avg_memory_bytes":9.4633984e+07,"peak_memory_usage_mb":90.25,"_runtime":3.879786227,"_timestamp":1.7464476527626057e+09,"mean_score":2428.8,"agent":"a_star","max_score":5496,"_step":10,"mean_decision_time_s":0.0011898374429151581,"win":false,"game_time_s":0.25915228109806776,"min_score":732,"avg_memory_mb":90.25,"win_rate":0}