{"game_index":99,"max_tile":256,"memory_percent":0.2882023923515839,"mean_moves_to_game_over":316.25,"avg_memory_mb":91.9765625,"max_max_tile":1024,"min_score":688,"_wandb":{"runtime":3},"win_rate":0,"avg_memory_bytes":9.6444416e+07,"max_score":14012,"mean_game_time_s":0.02296087296679616,"mean_score":4200.88,"_runtime":3.089107442,"win":false,"mean_decision_time_s":7.0427931683219e-05,"num_games":100,"cpu_time_s":0.02999999999999936,"score_variance":7.521248825600001e+06,"game_time_s":0.023912412114441395,"final_score":3976,"agent":"greedy_bfs","moves":328,"_timestamp":1.7463886902045488e+09,"peak_memory_usage_mb":91.9765625,"avg_decision_time_s":7.069953177805717e-05,"_step":99,"mean_memory_usage_mb":91.55851396362135,"mean_max_tile":321.92}