{"win_rate":0,"score_variance":262001.44153600011,"_step":5000,"max_score":3808,"memory_percent":0.3454242637625945,"agent":"td_learning","_timestamp":1.746484623384136e+09,"avg_decision_time_s":6.645550390451469e-05,"max_tile":128,"mean_game_time_s":0.006969838727731258,"mean_decision_time_s":6.684038525100532e-05,"min_score":48,"num_games":5000,"game_index":4999,"cpu_time_s":0.010000000000005116,"mean_score":816.208,"moves":176,"_runtime":41.900345356,"avg_memory_bytes":1.15593216e+08,"avg_memory_mb":110.23828125,"max_max_tile":256,"final_score":1704,"win":false,"peak_memory_usage_mb":110.23828125,"game_time_s":0.01210682513192296,"mean_moves_to_game_over":99.9914,"hyperparameters":{"ncols":2,"nrows":3,"_type":"table-file","sha256":"14c79777f1504ec10c42a1101e61df2b92e6a19e2b27e2bb702c74fe02713b74","size":122,"artifact_path":"wandb-client-artifact://aezbgm3ektwtnq93sjmv8lft93ngxv3o8zee9svguue7aex08c1hfu7bx4ic4l3aodph8nefivla3rkwfn5o7qrj4syg9ryiiko36asi1vna5zuksrl6duko747ymnx8/hyperparameters.table.json","_latest_artifact_path":"wandb-client-artifact://8e13uj3xvceah1u9fuy7d9vcsvm26lihp22c3sk4mdgu3gio76gj1jxyl0q3vh9m6g086kuvc5wa1egp2jtoawurco9f1710i16fw521f5oo7lkcg7q02ivjnjkh8b4z:latest/hyperparameters.table.json","path":"media/table/hyperparameters_5000_14c79777f1504ec10c42.table.json"},"mean_max_tile":73.0176,"_wandb":{"runtime":41},"mean_memory_usage_mb":100.2361059124693}