{"_wandb":{"runtime":3},"max_max_tile":512,"final_score":3096,"game_time_s":0.08194397995248437,"peak_memory_usage_mb":89.9765625,"_runtime":3.208238581,"min_score":1272,"memory_percent":0.281935526434485,"max_tile":256,"_step":20,"win":false,"mean_memory_usage_mb":89.89140625,"cpu_time_s":0.0900000000000003,"num_games":20,"avg_memory_bytes":9.4347264e+07,"win_rate":0,"avg_decision_time_s":0.00032026189797389225,"max_score":7264,"_timestamp":1.746454115349917e+09,"agent":"ida_star","mean_game_time_s":0.08529288137797267,"mean_score":3132.6,"moves":254,"avg_memory_mb":89.9765625,"score_variance":1.6344228399999996e+06,"hyperparameters":{"nrows":1,"_type":"table-file","sha256":"10b261b409eb0643eb25a9d74468d4e700628cf91de5660e85e9a9af6d362e5d","size":67,"artifact_path":"wandb-client-artifact://mc00eyvyk7m3kd66bxd9qh1dvmda3aektzm62v1hfs8taetxnhh7mm6asy5h76xrcnmcbomxu0hsl5znhe73lh4h7m9qg9wujw0o4pv0honff8baig37rwo0cs5rjci6/hyperparameters.table.json","_latest_artifact_path":"wandb-client-artifact://a50bwgdwedfz5gi1jdh21ghvom5tljxnweduj46uzwxrcbn2bycwqm7nflx8ozr75ugae1t5wd3oh5psmbngm0q2mcx6oq737eprhm5ggpaa53by2oo0s8ty7ub5vwk5:latest/hyperparameters.table.json","path":"media/table/hyperparameters_20_10b261b409eb0643eb25.table.json","ncols":2},"mean_decision_time_s":0.00032976300772119804,"mean_moves_to_game_over":256.6,"game_index":19,"mean_max_tile":256}