{"final_score":13416,"game_time_s":442.2669230210595,"max_score":13672,"avg_decision_time_s":0.5834599952053741,"agent":"mcts","max_tile":1024,"avg_memory_bytes":1.05771008e+08,"mean_game_time_s":279.1311706714984,"mean_memory_usage_mb":100.19583471048627,"moves":758,"score_variance":8.174324510400003e+06,"mean_decision_time_s":0.5847335342787988,"min_score":1756,"mean_moves_to_game_over":477.36,"win_rate":0,"max_max_tile":1024,"mean_max_tile":643.84,"mean_score":7463.64,"peak_memory_usage_mb":101.12109375,"num_games":100,"_runtime":27914.600555741,"_timestamp":1.746516882464121e+09,"win":false,"avg_memory_mb":100.87109375,"memory_percent":0.316072809721182,"_step":100,"game_index":99,"_wandb":{"runtime":27914},"cpu_time_s":442.90000000000043,"hyperparameters":{"nrows":2,"_type":"table-file","sha256":"04308472e809ad59a56d91b0f44d55c90c2d052f236cf3e5a90979ea96cacc08","size":94,"artifact_path":"wandb-client-artifact://fu2nbbl3chlaag3dgmtbdnirgtcwm9vs217q6bw9qi132j1vs8cm90umqycfqjafhyrsfxfwd4ryxp2fpous1cjhyollv49gz3u7piu9cr63a12ppnk5c07tfvlkb0hs/hyperparameters.table.json","_latest_artifact_path":"wandb-client-artifact://t4jli8x18rk11b4kqnv8js8wvs29dek0gvwdx4gqt7vd907mutl4f6y9689nxylwnjjjdjajqfu8b9ijdn4bh88vjq8m461h2fz7q25qy3589maqx15cuxldtn7u3fvo:latest/hyperparameters.table.json","path":"media/table/hyperparameters_100_04308472e809ad59a56d.table.json","ncols":2}}