{"peak_memory_usage_mb":90.3515625,"mean_max_tile":281.6,"moves":205,"min_score":1548,"cpu_time_s":0.020000000000000018,"agent":"greedy_bfs","memory_percent":0.28311056379394106,"mean_game_time_s":0.020032811164855956,"game_time_s":0.014495444018393755,"_step":9,"mean_score":3564,"max_tile":128,"max_max_tile":512,"avg_memory_mb":90.3515625,"_timestamp":1.7463886809070432e+09,"avg_memory_bytes":9.474048e+07,"mean_decision_time_s":6.90755308165801e-05,"_runtime":1.35509625,"_wandb":{"runtime":1},"final_score":2148,"game_index":9,"win_rate":0,"max_score":5968,"win":false,"mean_moves_to_game_over":280.5,"mean_memory_usage_mb":90.3515625,"avg_decision_time_s":6.858776664225067e-05,"num_games":10,"score_variance":1.5448192e+06}