{"mean_max_tile":2.3601190476190474,"_step":4704,"agent":"td_learning","total_games":5000,"min_score":0,"mean_score":0,"win_rate":0,"game_time_s":0.00042998697608709335,"avg_memory_mb":91.82421875,"mean_moves_to_game_over":0,"max_tile":2,"memory_percent":0.2877250334243049,"_timestamp":1.746486661708847e+09,"moves":0,"game_index":4703,"peak_memory_usage_mb":91.87890625,"mean_decision_time_s":0.0003433708708533751,"mean_game_time_s":0.00044530472545140125,"max_max_tile":4,"score_variance":0,"avg_decision_time_s":0.0003403397276997566,"_runtime":18.769518755,"avg_memory_bytes":9.6284672e+07,"mean_memory_usage_mb":91.12786325467687,"_wandb":{"runtime":18},"cpu_time_s":0,"terminated_early":true,"num_games":4704,"completed_games":4704,"final_score":0,"max_score":0,"win":false,"hyperparameters":{"sha256":"14c79777f1504ec10c42a1101e61df2b92e6a19e2b27e2bb702c74fe02713b74","size":122,"artifact_path":"wandb-client-artifact://cocwv2ly6f420k4tre7o11jxs3eceymoafvdecxe3aoxqxa92ei2hd5e7f93qvyivbkk00bzjo4gc3m3ilye5d2z3wrsaz2i5djdmyue5llaofi4fr5m7uafkvg15ljc/hyperparameters.table.json","_latest_artifact_path":"wandb-client-artifact://dz215r3mnakuaubg1h6b1etzjoz2dnuvendro8sob4733k85vnpylddv2t8m3dv2g8k6go9hx1omupdsrxp60n76l86pigap9re9zmf5tuv1zvxjqtlzd4he355b2ryg:latest/hyperparameters.table.json","path":"media/table/hyperparameters_4704_14c79777f1504ec10c42.table.json","ncols":2,"nrows":3,"_type":"table-file"}}