{"game_time_s":0.026756471022963524,"final_score":7272,"avg_decision_time_s":5.3023604878838305e-05,"game_index":9,"mean_memory_usage_mb":92.4921875,"min_score":2040,"mean_moves_to_game_over":347.2,"mean_game_time_s":0.018948212405666708,"max_tile":512,"avg_memory_mb":92.4921875,"memory_percent":0.289818068720836,"_step":9,"_runtime":1.436638982,"peak_memory_usage_mb":92.4921875,"win_rate":0,"num_games":10,"_timestamp":1.7464548037648726e+09,"mean_max_tile":332.8,"mean_score":4661.6,"mean_decision_time_s":5.2570902381933506e-05,"win":false,"max_max_tile":512,"score_variance":4.1662502399999998e+06,"avg_memory_bytes":9.6985088e+07,"_wandb":{"runtime":1},"max_score":8060,"moves":487,"agent":"greedy_bfs","cpu_time_s":0.03000000000000025}