{"agent":"td_learning","hyperparameters":{"sha256":"14c79777f1504ec10c42a1101e61df2b92e6a19e2b27e2bb702c74fe02713b74","size":122,"artifact_path":"wandb-client-artifact://azkfikwia5no5rim1e3jdi23fldhi7xyl7yf5ygseg68f0oy3g4loupbjcnp90xazcsruwpz1cf91bm55g5pry98jl5xs4ohliksjkjpqhjl1cz9p72huad4i7xmqa2t/hyperparameters.table.json","_latest_artifact_path":"wandb-client-artifact://24838enifvxjqw9lk91dm8z8rt29y8z14l6v6ujdxqxho31gtdkf8gue0j0rsci1ev2p7dojx6dh55d5yi1rer0l022yghlcmqfuwspda85s9vv60u0flx6eq1iq0x0y:latest/hyperparameters.table.json","path":"media/table/hyperparameters_5000_14c79777f1504ec10c42.table.json","ncols":2,"nrows":3,"_type":"table-file"},"min_score":36,"avg_memory_bytes":1.18902784e+08,"avg_memory_mb":113.39453125,"mean_decision_time_s":6.740457213505782e-05,"max_score":3340,"mean_max_tile":73.6576,"_wandb":{"runtime":41},"num_games":5000,"moves":97,"mean_game_time_s":0.007072564156167209,"cpu_time_s":0.00999999999999801,"game_time_s":0.006801827810704708,"win_rate":0,"win":false,"mean_moves_to_game_over":100.5366,"_step":5000,"final_score":740,"_runtime":41.971787869,"mean_score":822.328,"avg_decision_time_s":6.751392574347171e-05,"game_index":4999,"_timestamp":1.7464865773550575e+09,"max_tile":64,"score_variance":261868.76281600012,"max_max_tile":256,"peak_memory_usage_mb":113.39453125,"mean_memory_usage_mb":101.01240030646814,"memory_percent":0.3553141615380162}