{"final_score":12196,"win_rate":0,"mean_decision_time_s":0.03800660296781741,"avg_decision_time_s":0.038127416225094246,"agent":"mcts","_wandb":{"runtime":133},"mean_memory_usage_mb":94.0078125,"game_index":4,"_step":5,"max_max_tile":1024,"mean_game_time_s":26.43298417991027,"avg_memory_mb":94.0078125,"peak_memory_usage_mb":94.0078125,"mean_max_tile":819.2,"num_games":5,"_timestamp":1.746477336085573e+09,"max_score":15700,"moves":732,"memory_percent":0.29456717804863747,"hyperparameters":{"size":93,"artifact_path":"wandb-client-artifact://yj4nr4y59b4symsngsfzbgyep13bm2n6vdvpiwu4zixw66vpr87jvwc9hvk4fij289lx2xhgc2vo6kme6mmnrb2mu2vby5e7df46u60gvfve9qsw6b3f9w4l6vuqnxi6/hyperparameters.table.json","_latest_artifact_path":"wandb-client-artifact://voachp4phyiyt748y8mluqenewctljkkyomtcy0i9jxftgrm52ulejumildgxr1ryk19j26b06gnn73vxkufio2p4bl5hho3fekcf7xl33jccupdv6hlvhqo8xcidoku:latest/hyperparameters.table.json","path":"media/table/hyperparameters_5_921e228fb69722a1a53b.table.json","ncols":2,"nrows":2,"_type":"table-file","sha256":"921e228fb69722a1a53b0b00ac598873fb4e94474dafcd9c6d97fb6aa059b827"},"mean_moves_to_game_over":695.4,"game_time_s":27.912679587025195,"mean_score":11320,"cpu_time_s":27.970000000000006,"_runtime":133.623947002,"score_variance":1.2745696e+07,"win":false,"avg_memory_bytes":9.8574336e+07,"max_tile":1024,"min_score":7104}