{"_wandb":{"runtime":2},"avg_decision_time_s":0.0006275337417514957,"win":false,"memory_percent":0.28774951336929355,"game_index":4,"cpu_time_s":0.08999999999999986,"min_score":1408,"score_variance":1.7132710399999998e+06,"moves":147,"hyperparameters":{"path":"media/table/hyperparameters_5_10b261b409eb0643eb25.table.json","ncols":2,"nrows":1,"_type":"table-file","sha256":"10b261b409eb0643eb25a9d74468d4e700628cf91de5660e85e9a9af6d362e5d","size":67,"artifact_path":"wandb-client-artifact://i885echhtbvtggne1pfw6ckfd3ymq6g8cdsy3j3mvtkhz0u6mlebsf3pc9alj2e5izqpmjvt3he0vzaeqtzc3jxhzimiojnl9uf3tl4y9e1z6ba3cazmw2ubt5lop7gc/hyperparameters.table.json","_latest_artifact_path":"wandb-client-artifact://6hw4aesdnx838afq5it7nsxhcd12yu4y7z4c9ku9p40sau2eb17sgv62joet4hamqy3o07vkma3c9nc0ggk4tj2xk8c337oiklm1dlrgq46s3xu7nmmomuzc2k9ivj9k:latest/hyperparameters.table.json"},"num_games":5,"_timestamp":1.7464511394338884e+09,"total_games":20,"max_tile":128,"mean_moves_to_game_over":257,"mean_max_tile":256,"mean_game_time_s":0.17616357896476983,"peak_memory_usage_mb":91.83203125,"max_max_tile":512,"_step":5,"mean_decision_time_s":0.0006825392014901462,"mean_score":3118.4,"max_score":5264,"agent":"a_star","win_rate":0,"avg_memory_mb":91.83203125,"final_score":1408,"completed_games":5,"terminated_early":true,"_runtime":2.183390633,"avg_memory_bytes":9.6292864e+07,"mean_memory_usage_mb":91.83203125,"game_time_s":0.0927585824392736}