{"win_rate":0,"avg_memory_bytes":9.5256576e+07,"mean_memory_usage_mb":90.84227941176471,"mean_score":1825.2,"game_index":9,"num_games":10,"cpu_time_s":0.11000000000000032,"hyperparameters":{"_type":"table-file","sha256":"10b261b409eb0643eb25a9d74468d4e700628cf91de5660e85e9a9af6d362e5d","size":67,"artifact_path":"wandb-client-artifact://e1mzlosivfuuuapbjg92yi7n0iqifkokfe73mzqrrfdpoc4u47hnukuk045qqzra5korr93cxx34x3cnbcsb725yqe652ijkguuk98cr5m6zshlhadezz83hpthv4icd/hyperparameters.table.json","_latest_artifact_path":"wandb-client-artifact://u2ujtl4erqgy3hslfgd8d8n8j01viym1mobdpv8pw2fljgtz9kepvg9xn8z29v7uxk2yl6irffswi0mnkdmuminuk7cng8h9dtqejqcmrmo4rv3pub9h4zxvlqr9u2jy:latest/hyperparameters.table.json","path":"media/table/hyperparameters_10_10b261b409eb0643eb25.table.json","ncols":2,"nrows":1},"_timestamp":1.7464482390167482e+09,"score_variance":460675.36000000004,"_step":10,"memory_percent":0.28465280032822715,"mean_game_time_s":0.19601947758346797,"mean_moves_to_game_over":172.9,"peak_memory_usage_mb":90.84375,"game_time_s":0.11716817878186703,"avg_memory_mb":90.84375,"max_score":3240,"mean_max_tile":147.2,"avg_decision_time_s":0.0011456192644568636,"max_tile":128,"_wandb":{"runtime":3},"mean_decision_time_s":0.0011298581122912515,"final_score":984,"agent":"a_star","win":false,"max_max_tile":256,"min_score":944,"moves":102,"_runtime":3.324590262}