{"memory_percent":0.2829514441515147,"final_score":0,"_wandb":{"runtime":1},"win":false,"_step":10,"agent":"mcts","max_max_tile":4,"max_tile":2,"min_score":0,"mean_decision_time_s":0.001560981245711446,"mean_max_tile":2.6,"max_score":0,"_runtime":1.384055887,"moves":0,"mean_memory_usage_mb":90.30078125,"score_variance":0,"win_rate":0,"peak_memory_usage_mb":90.30078125,"num_games":10,"avg_memory_mb":90.30078125,"mean_score":0,"avg_memory_bytes":9.4687232e+07,"cpu_time_s":0,"mean_moves_to_game_over":0,"hyperparameters":{"sha256":"921e228fb69722a1a53b0b00ac598873fb4e94474dafcd9c6d97fb6aa059b827","size":93,"artifact_path":"wandb-client-artifact://l5xeu3x736rvf1er5lw27x81yqjbaeb8nk66w721vt46epw18a7d26bz4y1m1vr84h9h9n82gez63o48nofa8fyl6reffqinpm0jtordbumue74jtue79no3kss7d549/hyperparameters.table.json","_latest_artifact_path":"wandb-client-artifact://8ta2pivoewytlg392d1sm9azmhdkbdepl6bzrb41d1m8r1wuxts74l7bw6ce1hnnrab6hgjqvgq80f1lon8bz1ymmino3b9j2x04cdmvof2pna506q3y8elolaivcln3:latest/hyperparameters.table.json","path":"media/table/hyperparameters_10_921e228fb69722a1a53b.table.json","ncols":2,"nrows":2,"_type":"table-file"},"mean_game_time_s":0.0016646191477775573,"avg_decision_time_s":0.0016772770322859287,"game_time_s":0.0017908699810504913,"game_index":9,"_timestamp":1.7464766162954597e+09}