{"game_index":4999,"memory_percent":0.3527070473967231,"cpu_time_s":0.010000000000005116,"hyperparameters":{"path":"media/table/hyperparameters_5000_14c79777f1504ec10c42.table.json","ncols":2,"nrows":3,"_type":"table-file","sha256":"14c79777f1504ec10c42a1101e61df2b92e6a19e2b27e2bb702c74fe02713b74","size":122,"artifact_path":"wandb-client-artifact://mhwiqhyhxfm9a60fzm3o953770sexptfylv0putaf7i03zw6q0ey348jp4qufhpj94q9e3gjnw7j9a85xxmkf0o0y7dw1lkbnu9pdj3v9mf702ds2x3xp8kvic909ni7/hyperparameters.table.json","_latest_artifact_path":"wandb-client-artifact://by6zgsknni6yrzywqcu90fifhxhlb2xwabz55jfrxc2ompq1yuenjcomavkaq00v8mlyed7pqop51d83175lfqr90e99ek8700i840tgniyiftypsk2xm5lmkauig5cq:latest/hyperparameters.table.json"},"peak_memory_usage_mb":112.5625,"final_score":700,"max_score":4492,"mean_decision_time_s":6.689510192650966e-05,"win":false,"moves":86,"_runtime":41.520898543,"agent":"td_learning","mean_max_tile":71.7048,"avg_decision_time_s":6.558476990565311e-05,"max_tile":64,"max_max_tile":512,"avg_memory_mb":112.5625,"mean_moves_to_game_over":98.794,"avg_memory_bytes":1.18030336e+08,"score_variance":253652.92561856002,"mean_game_time_s":0.0068919581056572496,"mean_memory_usage_mb":100.9397388466294,"_step":5000,"_timestamp":1.746485944787401e+09,"game_time_s":0.005883248057216406,"win_rate":0,"_wandb":{"runtime":41},"min_score":8,"mean_score":801.0488,"num_games":5000}