{"max_max_tile":512,"mean_memory_usage_mb":90.47114583333334,"mean_game_time_s":0.23378896689973772,"_wandb":{"runtime":3},"num_games":10,"peak_memory_usage_mb":90.4921875,"mean_score":2520,"max_tile":512,"avg_memory_mb":90.4921875,"_runtime":3.822200093,"mean_moves_to_game_over":206.7,"avg_memory_bytes":9.4887936e+07,"cpu_time_s":0.39000000000000057,"mean_max_tile":236.8,"win":false,"avg_decision_time_s":0.0011260098116337388,"game_time_s":0.3893494689837098,"agent":"a_star","game_index":9,"max_score":5392,"moves":345,"_step":10,"score_variance":2.3037184e+06,"win_rate":0,"final_score":4912,"hyperparameters":{"path":"media/table/hyperparameters_10_2c5ccf783a982f204879.table.json","ncols":2,"nrows":1,"_type":"table-file","sha256":"2c5ccf783a982f2048798ddc3f2b81a1acbc990f238760be48ecbf76529db29f","size":67,"artifact_path":"wandb-client-artifact://ta845c3qdf9vwpribbvjemdxgis7821b2xq6sl7u0tdfkyf6pwhuvfh79nw2yv04fr9nd9x6dmtuavx2j9ga33d2b6r9kgo2ggok3hdwm6a2h6kp1dm65j68rbjoimm7/hyperparameters.table.json","_latest_artifact_path":"wandb-client-artifact://7sxep9tw018v8xsl26qjmja63kf9bb15wduiq4emfl3wqja99lggm5myjotokovvcuyftc7wu2ec2khi3ujmlm79xfaqwuabw27z89m4hacrn6yjlmtw21sbirazbj69:latest/hyperparameters.table.json"},"min_score":488,"memory_percent":0.2835512028037371,"mean_decision_time_s":0.0011276492660204655,"_timestamp":1.7464546674244611e+09}