{"mean_score":2499.28,"game_index":49,"avg_decision_time_s":0.0005145274082441692,"cpu_time_s":0.0699999999999994,"agent":"a_star","win_rate":0,"mean_memory_usage_mb":89.72558035714286,"_wandb":{"runtime":6},"avg_memory_mb":89.8359375,"_step":50,"memory_percent":0.281494887424689,"score_variance":1.7033540416000006e+06,"mean_decision_time_s":0.0004931381340575927,"num_games":50,"mean_game_time_s":0.10510599624365569,"_runtime":6.846795001,"max_max_tile":512,"mean_moves_to_game_over":211.9,"mean_max_tile":212.48,"win":false,"min_score":656,"hyperparameters":{"_latest_artifact_path":"wandb-client-artifact://nniktq30r8jl5rj7r51pbhmg4xy2injy2jntsndm509t7fu5495zvl4ibhe02b9y5wia6r9e7fe6hp92j7hdntkb0dy267vcgwh4pm550qs738a86w8auz5e20e9c5oy:latest/hyperparameters.table.json","path":"media/table/hyperparameters_50_39185498705ef2e447b9.table.json","ncols":2,"nrows":1,"_type":"table-file","sha256":"39185498705ef2e447b95430c2dbdd967d27bd55fb921442448f1722332f55a9","size":67,"artifact_path":"wandb-client-artifact://48apdsi9ki5em1kajf57dkfihjasqctuciloexpyk1rodav824mxn36mscbpi9pf6cattnko8wfpscrtlvxcp527xxflrgvwqni0a9dkp65s9w33ofsyyzwui9drnaam/hyperparameters.table.json"},"max_score":5628,"max_tile":128,"game_time_s":0.07139488495886326,"moves":138,"peak_memory_usage_mb":89.8359375,"avg_memory_bytes":9.4199808e+07,"_timestamp":1.7464386648765233e+09,"final_score":1356}