{"avg_memory_mb":101.421875,"agent":"mcts","moves":229,"mean_memory_usage_mb":101.4194925503096,"mean_decision_time_s":0.24679358251393582,"game_time_s":53.659547878894955,"_runtime":622.107076958,"min_score":2036,"avg_decision_time_s":0.23431531726036986,"max_score":4752,"score_variance":1.3054304e+06,"mean_score":3336,"_wandb":{"runtime":622},"win_rate":0,"hyperparameters":{"ncols":2,"nrows":2,"_type":"table-file","sha256":"ebe22d03a4f1d109e7c8beaebd0d34ea8e943fe56f8d20aeddb458b9a2544c80","size":94,"artifact_path":"wandb-client-artifact://w6n70emsk7bvixpzrb3cunewfguyph3jzs1h5gsxn0828ewksem0cfe46jdsmfp6134swwkk9jegbio31ff07pig1etmohq7yycf2k28xc547fj7x8nehvsg3er0hbmz/hyperparameters.table.json","_latest_artifact_path":"wandb-client-artifact://41s7kqq7ik1qccdrhwplzo5vb3mwxe8k8u1jczw2fob806nhpvcu8hbwc7nfccmaaz6sgb4oq258ygqy59p3yr40ufmx3jt9dc4h8ab5xnjmznocb0z6nu3724qx8zo4:latest/hyperparameters.table.json","path":"media/table/hyperparameters_10_ebe22d03a4f1d109e7c8.table.json"},"memory_percent":0.3177986458428831,"_timestamp":1.7464742768118486e+09,"peak_memory_usage_mb":101.6953125,"mean_game_time_s":62.11943265972659,"num_games":10,"cpu_time_s":53.73999999999994,"max_tile":256,"win":false,"avg_memory_bytes":1.06348544e+08,"max_max_tile":512,"game_index":9,"_step":10,"mean_max_tile":358.4,"final_score":2800,"mean_moves_to_game_over":251.7}