{"mean_memory_usage_mb":90.40702363306984,"mean_moves_to_game_over":297.18,"final_score":3900,"agent":"greedy_bfs","max_max_tile":1024,"score_variance":4.818536761600002e+06,"_runtime":1.566752353,"avg_memory_mb":90.5485321969697,"_timestamp":1.74638911449001e+09,"moves":315,"game_index":49,"max_tile":256,"mean_max_tile":309.76,"cpu_time_s":0.019999999999999574,"avg_memory_bytes":9.49470176969697e+07,"mean_score":3864.72,"num_games":50,"mean_decision_time_s":5.3749502044128726e-05,"max_score":11924,"avg_decision_time_s":5.3387294922556194e-05,"_wandb":{"runtime":1},"_step":49,"game_time_s":0.017465711571276188,"min_score":1164,"memory_percent":0.2837277551342614,"peak_memory_usage_mb":90.6015625,"win":false,"mean_game_time_s":0.016609548879787325,"win_rate":0}