{"hyperparameters":{"size":67,"artifact_path":"wandb-client-artifact://ry6pbih0w8cdg17ps7t7ijjk1d5f9jg2cz1z9hko0i2u8t6xfghwzck0auop5m4nsu100x2isw8665sgn9zffqm0x6quxk5tlcbf2bsp5wq5iliebphlwg8yq5yqhpjv/hyperparameters.table.json","_latest_artifact_path":"wandb-client-artifact://asy4evh44y06frlvzide6mmn1on59g39d4mh71oxr3f30a1kuxpa2dm7gylqbjrcf7vubuq25v4tn3yz91sq97rel7hoh056s4ka8grreg69bhod5zahepnpybyzcidp:latest/hyperparameters.table.json","path":"media/table/hyperparameters_10_39185498705ef2e447b9.table.json","ncols":2,"nrows":1,"_type":"table-file","sha256":"39185498705ef2e447b95430c2dbdd967d27bd55fb921442448f1722332f55a9"},"num_games":10,"_wandb":{"runtime":3},"peak_memory_usage_mb":143.609375,"win_rate":0,"max_score":7108,"final_score":7108,"min_score":2108,"mean_memory_usage_mb":143.50375683017813,"mean_score":4210.4,"mean_max_tile":345.6,"mean_game_time_s":0.1430343582003843,"_step":10,"game_index":9,"_timestamp":1.746378802001308e+09,"avg_memory_mb":143.583125,"avg_decision_time_s":0.0004317005989410779,"max_tile":512,"score_variance":2.9459174400000004e+06,"agent":"a_star","win":false,"game_time_s":0.21142333300667815,"avg_memory_bytes":1.5055781888e+08,"mean_decision_time_s":0.00045806540805949685,"_runtime":3.970467,"moves":489,"mean_moves_to_game_over":311.7,"cpu_time_s":0.21238105600000012,"max_max_tile":512,"memory_percent":0.3894941541883681}