{"num_games":10,"mean_decision_time_s":6.911830532304737e-05,"agent":"greedy_bfs","game_index":9,"score_variance":2.9586952e+06,"mean_game_time_s":0.019501473009586334,"mean_memory_usage_mb":89.90234375,"avg_memory_bytes":9.426944e+07,"avg_decision_time_s":6.762090695384364e-05,"mean_score":3422,"mean_moves_to_game_over":272.5,"max_max_tile":512,"min_score":1340,"win":false,"memory_percent":0.2817029669570926,"max_tile":128,"game_time_s":0.010471045970916748,"_step":9,"cpu_time_s":0.009999999999999787,"final_score":1444,"_timestamp":1.746388580216978e+09,"moves":149,"win_rate":0,"max_score":6544,"_wandb":{"runtime":1},"_runtime":1.263020784,"mean_max_tile":268.8,"peak_memory_usage_mb":89.90234375,"avg_memory_mb":89.90234375}