{"game_index":49,"agent":"a_star","mean_max_tile":178.56,"avg_memory_bytes":9.6178176e+07,"final_score":1160,"score_variance":799454.8544,"min_score":428,"max_tile":128,"avg_decision_time_s":0.00043974992548746446,"win_rate":0,"_runtime":5.303788195,"mean_moves_to_game_over":194.14,"max_max_tile":256,"game_time_s":0.05490557383745909,"win":false,"_timestamp":1.7464365811594126e+09,"_wandb":{"runtime":5},"max_score":3864,"_step":50,"mean_decision_time_s":0.0004372450258658434,"moves":124,"mean_game_time_s":0.08551046187058091,"cpu_time_s":0.060000000000002274,"num_games":50,"peak_memory_usage_mb":91.72265625,"avg_memory_mb":91.72265625,"mean_score":2170.16,"memory_percent":0.2874067941394522,"hyperparameters":{"ncols":2,"nrows":1,"_type":"table-file","sha256":"39185498705ef2e447b95430c2dbdd967d27bd55fb921442448f1722332f55a9","size":67,"artifact_path":"wandb-client-artifact://6t916k4s754hes8qd076spismh62b8xse9fbd44n2ju2zm7ptlp6egl6lke2pm9csnz7c166xutykngynap628s6zhxe2n81km20lz6y56d1blz6x7ipw0qjcq3yth45/hyperparameters.table.json","_latest_artifact_path":"wandb-client-artifact://uzsu0dva7m3ceqfd0omeh2umerm7s20mlh1u4933pbtk87n3620c5k96dbyn524lve7pj2volzmldbzrh17bmpsjt0x4j8q9jdo0c6an940h3x7xhn4yzrv8bu10q08b:latest/hyperparameters.table.json","path":"media/table/hyperparameters_50_39185498705ef2e447b9.table.json"},"mean_memory_usage_mb":91.54676339285714}