{"win_rate":0,"win":false,"final_score":3188,"_wandb":{"runtime":1},"score_variance":2.4403438400000003e+06,"avg_memory_mb":147.25,"mean_memory_usage_mb":147.2546875,"_timestamp":1.746378513538196e+09,"agent":"a_star","mean_max_tile":332.8,"peak_memory_usage_mb":147.296875,"mean_decision_time_s":6.628788876922548e-05,"moves":261,"game_index":9,"memory_percent":0.3994411892361111,"mean_moves_to_game_over":328.3,"mean_game_time_s":0.0219099791982444,"game_time_s":0.017766082994057797,"avg_decision_time_s":6.766267829142882e-05,"mean_score":4348.4,"max_score":6888,"max_max_tile":512,"num_games":10,"_step":10,"cpu_time_s":0.017790848000000414,"_runtime":1.600397,"max_tile":256,"avg_memory_bytes":1.54402816e+08,"min_score":3096,"hyperparameters":{"_latest_artifact_path":"wandb-client-artifact://lu2mnhfp8ox93hhso3frruzknprqdlfyyjfi54bnp3rbpndkwe4edelhak5pfhjctaaamgl5zb6thxz1tinda785jm4bp6c5zyxivz1yhjzzhj06vfkoh9vgxxj7813j:latest/hyperparameters.table.json","path":"media/table/hyperparameters_10_908a2b62982f9c65f6da.table.json","ncols":2,"nrows":1,"_type":"table-file","sha256":"908a2b62982f9c65f6da345ba68bf8478917ac58d4f747bde77b68062e236ea6","size":67,"artifact_path":"wandb-client-artifact://phzd183o2pwe4d5dbk02hni8fl27vir8z28qtjvp7xqy6ghdyan7ev9if4fsu7w53cjvqxk7lpuzetyg8x860xysbj5zqdt2vigben3n1fiktchmw0l7kguh1r35krl8/hyperparameters.table.json"}}