{"_runtime":2.351717098,"peak_memory_usage_mb":91.09765625,"avg_decision_time_s":0.0004406939851174104,"_step":10,"final_score":3340,"game_index":9,"mean_decision_time_s":0.00043078987608961345,"mean_score":2006.8,"agent":"a_star","_timestamp":1.74643656264619e+09,"_wandb":{"runtime":2},"max_tile":256,"avg_memory_bytes":9.5522816e+07,"cpu_time_s":0.11999999999999034,"win":false,"min_score":892,"mean_memory_usage_mb":91.09381009615385,"score_variance":448051.36,"game_time_s":0.12233524397015572,"mean_game_time_s":0.08196080471388996,"win_rate":0,"mean_moves_to_game_over":188.7,"moves":276,"mean_max_tile":147.2,"num_games":10,"max_score":3340,"hyperparameters":{"_latest_artifact_path":"wandb-client-artifact://ylifagw1tkf0w2l33nqivvfgqta50plz0mzch1nlvnlz05a87n01tgcbrkxs9bfdx8njnwp66513enaadwkhnm1reprq7jm13e3xpnka030okd2blo02mwiag6eenpkc:latest/hyperparameters.table.json","path":"media/table/hyperparameters_10_39185498705ef2e447b9.table.json","ncols":2,"nrows":1,"_type":"table-file","sha256":"39185498705ef2e447b95430c2dbdd967d27bd55fb921442448f1722332f55a9","size":67,"artifact_path":"wandb-client-artifact://khbkq5j6b9h0lg3lcsk61pt81ff2hcb9txy1johb1y7zwhing92dzc03zvz7tpotk6uc03zfbxjqquxdpti8zzzsgf73tsipggyyayf2h57mzp8166isej5712hfvppd/hyperparameters.table.json"},"max_max_tile":256,"memory_percent":0.2854483985403588,"avg_memory_mb":91.09765625}