{"mean_memory_usage_mb":89.97265625,"game_index":9,"cpu_time_s":0.009999999999999787,"avg_memory_bytes":9.4343168e+07,"_wandb":{"runtime":1},"max_max_tile":256,"_step":9,"game_time_s":0.016349247191101313,"mean_decision_time_s":6.250435077562565e-05,"_timestamp":1.7463885386826837e+09,"moves":250,"mean_score":2417.2,"agent":"greedy_bfs","min_score":1208,"num_games":10,"final_score":3032,"memory_percent":0.28192328646199066,"peak_memory_usage_mb":89.97265625,"avg_decision_time_s":6.298309005796909e-05,"win":false,"_runtime":1.267993276,"mean_game_time_s":0.013313388172537088,"max_score":3692,"avg_memory_mb":89.97265625,"mean_max_tile":204.8,"max_tile":256,"mean_moves_to_game_over":205,"win_rate":0,"score_variance":797942.56}