{"avg_decision_time_s":0.00011989277360650401,"mean_game_time_s":0.014700907981023192,"mean_max_tile":96,"memory_percent":0.28350224291375975,"min_score":716,"avg_memory_bytes":9.4871552e+07,"win_rate":0,"win":false,"max_score":1380,"final_score":716,"mean_score":1048,"_step":2,"game_time_s":0.0118540208786726,"num_games":2,"agent":"td_learning","peak_memory_usage_mb":90.4765625,"score_variance":110224,"cpu_time_s":0.010000000000000009,"mean_moves_to_game_over":122.5,"game_index":1,"_timestamp":1.74648212011656e+09,"_runtime":1.53938971,"max_tile":64,"mean_decision_time_s":0.00011684858259193752,"_wandb":{"runtime":1},"hyperparameters":{"nrows":3,"_type":"table-file","sha256":"cdb68adcef15dee541eb0a72fa764f98656a906d7aad1e2a5ea6634d0bdfe5c6","size":121,"artifact_path":"wandb-client-artifact://qkckc3t78s88gy4ate0snl3gmnqx7310ga0xx435na5gincqg1yc7h990k6ehv92ypzyy0rspudgfgog6ezpyvn89udnh4rojxafqw9skiz52fh2e7f7y8rz6m5yha7l/hyperparameters.table.json","_latest_artifact_path":"wandb-client-artifact://q123kkq9mli2jjyuu79qqmoztgi58cpnsme42tn6n43ge9uqp51l31vt46k38iro0du53iqxx2vi0cxbdjz93nkrgf84jutc4cy4t30c8eqopc51kmd9bgmb8dqehgw9:latest/hyperparameters.table.json","path":"media/table/hyperparameters_2_cdb68adcef15dee541eb.table.json","ncols":2},"max_max_tile":128,"mean_memory_usage_mb":90.4765625,"moves":96,"avg_memory_mb":90.4765625}