{"game_time_s":0.021177165996050462,"peak_memory_usage_mb":144.015625,"game_index":9,"score_variance":4.9485824e+06,"mean_moves_to_game_over":390.8,"cpu_time_s":0.021243775999999825,"_runtime":2.305791,"min_score":2448,"_timestamp":1.7463784924431849e+09,"_wandb":{"runtime":2},"mean_game_time_s":0.024875566600530873,"final_score":4288,"mean_memory_usage_mb":143.98844269774673,"moves":333,"max_tile":256,"num_games":10,"avg_memory_bytes":1.50994944e+08,"max_max_tile":1024,"memory_percent":0.390625,"_step":10,"win":false,"avg_memory_mb":144,"mean_score":5548,"max_score":10636,"mean_decision_time_s":6.31419584002444e-05,"hyperparameters":{"sha256":"26f70e363a7b916a560de4e8ab9a85cfbd43432c50114513dfed51c917453cca","size":68,"artifact_path":"wandb-client-artifact://dq6kiyfb3x6xbt21dh6fhjnghcwa2rkp6e3qlmeq26kqhk61lh2hv4bfdm5e59j3cvyn5hy7hrv950tdpjawzbk8eylztzl9kvwxxshqgu7bk6cy5p7eyzhv0crcz5a8/hyperparameters.table.json","_latest_artifact_path":"wandb-client-artifact://xo4g67uzkavlbilqzxbth7vrgdnk2tj2pnw34gw1486j86l5cwlolrzoppii9nti7bzmiitvigy5wro672rr2xkjvfthbderb1y3tm1je05v1keujljqkhq7qc2cklu3:latest/hyperparameters.table.json","path":"media/table/hyperparameters_10_26f70e363a7b916a560d.table.json","ncols":2,"nrows":1,"_type":"table-file"},"win_rate":0,"mean_max_tile":435.2,"agent":"a_star","avg_decision_time_s":6.316942325373691e-05}