{"game_time_s":0.022443251218646765,"num_games":100,"mean_memory_usage_mb":91.42941860107484,"avg_memory_mb":91.77734375,"peak_memory_usage_mb":91.77734375,"_timestamp":1.746388589443136e+09,"win_rate":0,"cpu_time_s":0.02999999999999936,"avg_decision_time_s":7.126696934727461e-05,"avg_memory_bytes":9.623552e+07,"_runtime":2.630099171,"moves":304,"final_score":3608,"game_index":99,"score_variance":3.7806505904e+06,"mean_score":3142.36,"max_tile":256,"max_score":10276,"_step":99,"agent":"greedy_bfs","_wandb":{"runtime":2},"mean_max_tile":243.84,"mean_moves_to_game_over":254.69,"memory_percent":0.28757815375437284,"mean_decision_time_s":7.011648104784814e-05,"min_score":812,"max_max_tile":1024,"win":false,"mean_game_time_s":0.018429882754571737}