{"num_games":10,"_wandb":{"runtime":2},"_step":10,"mean_max_tile":281.6,"avg_memory_bytes":9.4482432e+07,"max_max_tile":512,"agent":"ida_star","game_index":9,"moves":351,"avg_memory_mb":90.10546875,"game_time_s":0.11431078473106027,"_timestamp":1.7464532811797845e+09,"avg_decision_time_s":0.0003232040397419549,"mean_decision_time_s":0.00032951027212390667,"mean_score":3458,"mean_moves_to_game_over":275.5,"max_tile":256,"win_rate":0,"mean_memory_usage_mb":90.10546875,"mean_game_time_s":0.09146992941386997,"max_score":5660,"memory_percent":0.282339445526798,"peak_memory_usage_mb":90.10546875,"win":false,"hyperparameters":{"path":"media/table/hyperparameters_10_10b261b409eb0643eb25.table.json","ncols":2,"nrows":1,"_type":"table-file","sha256":"10b261b409eb0643eb25a9d74468d4e700628cf91de5660e85e9a9af6d362e5d","size":67,"artifact_path":"wandb-client-artifact://7xs8pv49yj1b6en0d0ty0fdo6c5emoge2vx5gr9wloriedohw91ej37jdohrqfohqhhigbmmequ92p1r7yf0zckeae24hd59g78koa31wu53gbfje2qtu3scq2s96pa9/hyperparameters.table.json","_latest_artifact_path":"wandb-client-artifact://9yxcgsvssshavfehoq56yb5bjv70iy9ljh7uo4frglc7w9h2a1gbr7v75fk4rqej0r8lqarjedm9fw5bpg4nges8h5grfae6zdtvmanx6o2afb3un52kifnmm1fsyfid:latest/hyperparameters.table.json"},"final_score":4344,"cpu_time_s":0.10999999999999988,"_runtime":2.355496677,"score_variance":2.1380296e+06,"min_score":1488}