{"score_variance":242834.23922943993,"game_time_s":0.004734513815492392,"agent":"td_learning","max_tile":32,"mean_decision_time_s":6.529894396837306e-05,"mean_game_time_s":0.0067377064898610116,"peak_memory_usage_mb":109.98046875,"memory_percent":0.34461642557796845,"final_score":432,"win":false,"mean_score":800.2416,"mean_memory_usage_mb":100.09423043085624,"max_score":3424,"num_games":5000,"avg_memory_mb":109.98046875,"_step":5000,"avg_decision_time_s":6.44382688083819e-05,"game_index":4999,"cpu_time_s":0.010000000000005116,"_wandb":{"runtime":40},"hyperparameters":{"size":122,"artifact_path":"wandb-client-artifact://ep5baqnavlyt3e18i918z55yva737eefb9d3ldk5lzoiege8io77crui35av6geqildrijv0fma3oc8ufk081vm35n2eycfozlcvidtfx19eyjs11k0rjy7s0em6k921/hyperparameters.table.json","_latest_artifact_path":"wandb-client-artifact://iz5nc6r7ogzycr5q36wsra6rfn5zu6cj7x2kajictgn3238s0kvdxhrpv8dzs9pauwegpm0lu915ih69ift6f9eqhwoxz3m329mx4wpg51dqxpir628baosx55rns6em:latest/hyperparameters.table.json","path":"media/table/hyperparameters_5000_14c79777f1504ec10c42.table.json","ncols":2,"nrows":3,"_type":"table-file","sha256":"14c79777f1504ec10c42a1101e61df2b92e6a19e2b27e2bb702c74fe02713b74"},"_runtime":40.772448715,"_timestamp":1.746486139892049e+09,"max_max_tile":256,"min_score":40,"avg_memory_bytes":1.1532288e+08,"win_rate":0,"mean_moves_to_game_over":98.8326,"mean_max_tile":71.2352,"moves":70}