{"hyperparameters":{"path":"media/table/hyperparameters_10_908a2b62982f9c65f6da.table.json","ncols":2,"nrows":1,"_type":"table-file","sha256":"908a2b62982f9c65f6da345ba68bf8478917ac58d4f747bde77b68062e236ea6","size":67,"artifact_path":"wandb-client-artifact://0neuvw0ilvkeqmy0b2tliehczh9iwwxym0ne2s18oylja40y2dxkryv1ky880xzafj5pq8dhh23b4xtmw5vuzh5d0bqfvynmx9evlnmmohuo0vlga58iu18n35jwsxx2/hyperparameters.table.json","_latest_artifact_path":"wandb-client-artifact://37f2kkka1qo3g6k7z3w6komrqipjl41ndv5n5vl7taspzcn4aaniaijojf2dkl29yfpphc7d7wepp0u5mi1m82dbvmpm86py9t68xxgzh2yl1vi51fe37toveby8oo9o:latest/hyperparameters.table.json"},"game_time_s":0.00013716600369662046,"score_variance":0,"mean_moves_to_game_over":0,"cpu_time_s":0.00013747200000002735,"game_index":9,"num_games":10,"avg_memory_bytes":1.5499264e+08,"mean_game_time_s":0.00016838320225360804,"memory_percent":0.4009670681423611,"_wandb":{"runtime":1},"mean_max_tile":2,"max_score":0,"win_rate":0,"peak_memory_usage_mb":147.8125,"agent":"a_star","avg_decision_time_s":0.00010650000331224874,"mean_score":0,"moves":0,"min_score":0,"_runtime":1.322306,"max_tile":2,"final_score":0,"avg_memory_mb":147.8125,"win":false,"max_max_tile":2,"_timestamp":1.746347466157343e+09,"mean_decision_time_s":0.00013279580016387627,"_step":10,"mean_memory_usage_mb":147.8125}