{"mean_max_tile":277.12,"_runtime":2.5107226049999998,"moves":279,"min_score":636,"peak_memory_usage_mb":91.515625,"mean_score":3608.76,"max_max_tile":1024,"avg_decision_time_s":5.460376801189556e-05,"_wandb":{"runtime":2},"avg_memory_bytes":9.5789056e+07,"_timestamp":1.746393461038821e+09,"max_score":10964,"win_rate":0,"cpu_time_s":0.009999999999990905,"game_index":99,"avg_memory_mb":91.3515625,"num_games":100,"max_tile":256,"score_variance":4.1061691824000007e+06,"mean_decision_time_s":5.4186905715886905e-05,"mean_memory_usage_mb":91.20187142906913,"_step":99,"mean_game_time_s":0.015929158120416106,"memory_percent":0.28624399675249046,"game_time_s":0.015790571924299,"win":false,"final_score":3496,"mean_moves_to_game_over":283.14,"agent":"greedy_bfs"}