{"_wandb":{"runtime":27},"game_time_s":1.704946290999942,"moves":485,"mean_decision_time_s":0.002943369279699412,"mean_game_time_s":1.2507927915998152,"mean_max_tile":512,"score_variance":7.92160256e+06,"max_tile":512,"num_games":5,"_step":5,"avg_memory_mb":106.56625,"agent":"a_star","memory_percent":0.2890794542100695,"cpu_time_s":1.7218749440000005,"min_score":3180,"final_score":7076,"mean_memory_usage_mb":106.58134664463846,"mean_moves_to_game_over":424.8,"_timestamp":1.7462578023591301e+09,"avg_memory_bytes":1.1174281216e+08,"peak_memory_usage_mb":106.671875,"game_index":4,"max_score":10764,"max_max_tile":1024,"hyperparameters":{"_type":"table-file","sha256":"b7a96107aa79cc9a8a6272777ac967cfa5eed2307fb5acbf76ef4a0ff96312d5","size":70,"artifact_path":"wandb-client-artifact://jqyw5vpkpa03wpjdy3d5eqm8frqf2fe3huji2lak7l66gwfgh8pgd64qj2b2rexjndv0bi4k3x1cs989p4ude1l6o2ortk6fxcu40a2acqoqk4b1d1g7bk8p7b86x5vq/hyperparameters.table.json","_latest_artifact_path":"wandb-client-artifact://p65cwcn6xzxfvgfp0vqmdt47zgual0v7j7ts4e0dhaxe2dxx0m3ntjhw0budzq8clk4zd7kgi6qx05v4psoxuetjt00udoj9hgso0adz6u4rsbt6jpgfpcjm8w51u4mu:latest/hyperparameters.table.json","path":"media/table/hyperparameters_5_b7a96107aa79cc9a8a62.table.json","ncols":2,"nrows":1},"win":false,"_runtime":27.143766,"win_rate":0,"mean_score":6284.8,"avg_decision_time_s":0.0035141945154764376}