{"memory_percent":0.2837960022536237,"cpu_time_s":0.18999999999999972,"_runtime":4.545997585,"max_score":5200,"final_score":3180,"mean_max_tile":217.6,"_wandb":{"runtime":4},"score_variance":1.3306276400000001e+06,"game_index":19,"peak_memory_usage_mb":90.5703125,"mean_moves_to_game_over":224.1,"win_rate":0,"hyperparameters":{"artifact_path":"wandb-client-artifact://gareqgyk58bwhhwhfmw6vl5lk7a3pds1vlzjb5jzdb14pn1wvs5yybpu2itlfy1lt6hge72vcwt2fp44iaaiib8zt2bi86bur1ixy960cx1fwaugo4zu9ns29mmwpqxk/hyperparameters.table.json","_latest_artifact_path":"wandb-client-artifact://4b7loqlf9lqtx19dkinftln72d42k1ierxb4j88svc7n8wbdzl55nzv64uno2dupieupfughrjg9as6cmnj8ko6c9i6wwq4ihb7usmu7savjx2qp2p88f9juyovdt0k8:latest/hyperparameters.table.json","path":"media/table/hyperparameters_20_10b261b409eb0643eb25.table.json","ncols":2,"nrows":1,"_type":"table-file","sha256":"10b261b409eb0643eb25a9d74468d4e700628cf91de5660e85e9a9af6d362e5d","size":67},"min_score":812,"mean_decision_time_s":0.0006773308785370435,"avg_memory_mb":90.5703125,"num_games":20,"moves":267,"mean_game_time_s":0.15249178409576417,"mean_score":2663.4,"mean_memory_usage_mb":90.52517361111111,"game_time_s":0.18434749031439424,"_timestamp":1.746451211015618e+09,"win":false,"avg_decision_time_s":0.00068719939360123,"agent":"a_star","max_tile":256,"avg_memory_bytes":9.4969856e+07,"_step":20,"max_max_tile":512}