{"mean_max_tile":236.8,"_runtime":2.884642798,"agent":"a_star","game_index":9,"avg_memory_mb":90.69140625,"mean_score":2662.8,"win":false,"cpu_time_s":0.11000000000000032,"max_score":4616,"_wandb":{"runtime":2},"peak_memory_usage_mb":90.69140625,"max_max_tile":512,"game_time_s":0.11061268439516425,"min_score":964,"final_score":1408,"memory_percent":0.2841754414009481,"hyperparameters":{"nrows":1,"_type":"table-file","sha256":"10b261b409eb0643eb25a9d74468d4e700628cf91de5660e85e9a9af6d362e5d","size":67,"artifact_path":"wandb-client-artifact://6uwwk7u4c8vfmuuwq4ngg6dl0wgdc39ilpkjxisr8tdg0whprzs2uu5yh9olemrryhdl4rvvqy1gw9aa1x38nntqyj7z4y0n6dokhwpanfxe3y81e348s9h8hy8xyv1r/hyperparameters.table.json","_latest_artifact_path":"wandb-client-artifact://jnf71capwx48eg9369103l164f14bt0zc3xt46q4osprqrks66lrntj5gi7kzw5fuhrcuy37osmkjlhwy1r3zcoqbcg1uzdjtby05rql5k7i2ul025gwc8updg3u50cj:latest/hyperparameters.table.json","path":"media/table/hyperparameters_10_10b261b409eb0643eb25.table.json","ncols":2},"avg_decision_time_s":0.0007589286321709896,"mean_game_time_s":0.14776356620714068,"mean_memory_usage_mb":90.6093410326087,"avg_memory_bytes":9.5096832e+07,"score_variance":906150.5599999999,"num_games":10,"max_tile":128,"win_rate":0,"_timestamp":1.7464485952673702e+09,"_step":10,"mean_decision_time_s":0.0006644935601749035,"mean_moves_to_game_over":221.3,"moves":145}