{"avg_memory_bytes":9.474048e+07,"avg_memory_mb":90.3515625,"mean_memory_usage_mb":90.3515625,"min_score":0,"mean_score":0,"memory_percent":0.28311056379394106,"moves":0,"agent":"greedy_bfs","_wandb":{"runtime":1},"cpu_time_s":0,"win":false,"game_time_s":0.00045387912541627884,"max_tile":2,"max_score":0,"mean_max_tile":2.32,"mean_decision_time_s":0.00031057605519890785,"score_variance":0,"_timestamp":1.7463893611754918e+09,"final_score":0,"max_max_tile":4,"mean_game_time_s":0.00042372772470116615,"mean_moves_to_game_over":0,"game_index":49,"_step":49,"_runtime":1.461925124,"peak_memory_usage_mb":90.3515625,"avg_decision_time_s":0.00030576903373003006,"num_games":50,"win_rate":0}