{"max_tile":256,"game_index":19,"peak_memory_usage_mb":92.45703125,"game_time_s":0.18296297919005156,"memory_percent":0.28970790896838694,"mean_decision_time_s":0.0006840342687400735,"mean_game_time_s":0.15482665207237006,"_wandb":{"runtime":4},"avg_memory_bytes":9.6948224e+07,"final_score":3060,"win":false,"hyperparameters":{"artifact_path":"wandb-client-artifact://c2uu3pd1s7jofpon5aqtlhx6kv2r5kcha5lzfmsffzggd26ox7rw7f5nt9gw8mhgp05sdor1b6vuedrwkwvdql42ijk9phq6kbc0yutc4ylzr257bc49ors8ifrsji1m/hyperparameters.table.json","_latest_artifact_path":"wandb-client-artifact://odechgo472d9de0aj2mblrd5m8imqpjs338hsg93qgvdths53qiz9zfm92qnt8uaxkq0p0c1knebfh3c3z6a3kqt4on3h8yj56lpgmvz96cniwbmz00g9t5m5oa3tso2:latest/hyperparameters.table.json","path":"media/table/hyperparameters_20_10b261b409eb0643eb25.table.json","ncols":2,"nrows":1,"_type":"table-file","sha256":"10b261b409eb0643eb25a9d74468d4e700628cf91de5660e85e9a9af6d362e5d","size":67},"cpu_time_s":0.17999999999999972,"_step":20,"_runtime":4.513342864,"mean_max_tile":225.6,"max_max_tile":512,"min_score":512,"max_score":5232,"moves":251,"mean_score":2702.2,"score_variance":1.3271671600000001e+06,"avg_memory_mb":92.45703125,"mean_memory_usage_mb":92.45703125,"win_rate":0,"mean_moves_to_game_over":225.3,"num_games":20,"agent":"a_star","avg_decision_time_s":0.0007255474398602765,"_timestamp":1.746451165171176e+09}