{"max_max_tile":256,"mean_game_time_s":7.52072307318449,"_timestamp":1.7464721888341587e+09,"agent":"mcts","min_score":2040,"max_tile":256,"moves":172,"memory_percent":0.298398289439364,"win_rate":0,"peak_memory_usage_mb":95.23046875,"avg_memory_bytes":9.9856384e+07,"_runtime":38.572881804,"mean_decision_time_s":0.03671718911300559,"game_time_s":6.375889551825821,"max_score":2900,"avg_decision_time_s":0.03706467199020174,"score_variance":94423.04000000001,"_step":5,"win":false,"_wandb":{"runtime":38},"cpu_time_s":6.379999999999997,"hyperparameters":{"nrows":2,"_type":"table-file","sha256":"921e228fb69722a1a53b0b00ac598873fb4e94474dafcd9c6d97fb6aa059b827","size":93,"artifact_path":"wandb-client-artifact://8t3clysqjlfnmb2kla91enazhgujheqptvlxho1h0kpoyj2x4m4clm19k7yw8uuj66o1pjvrmm2qknxbpv2ixp4dcpvc3lzjhl826i2oazw7bucivq0qvf458oi0o9i6/hyperparameters.table.json","_latest_artifact_path":"wandb-client-artifact://dc6z293z6tin6u7cwpzpndjc26cjknjdwk2qfzv18s5nynmu8074bh4w47enc1yp3o98budbi3a8vd2sidnzz0lptawe8xg27ajel31y886l5vrx7kzmd242x1xr88ve:latest/hyperparameters.table.json","path":"media/table/hyperparameters_5_921e228fb69722a1a53b.table.json","ncols":2},"final_score":2040,"mean_max_tile":256,"num_games":5,"mean_score":2485.6,"mean_moves_to_game_over":204.8,"avg_memory_mb":95.23046875,"mean_memory_usage_mb":95.06620788043479,"game_index":4}