{"_runtime":24836.131318013,"min_score":16312,"final_score":50156,"avg_memory_mb":101.22135416666667,"max_score":122084,"_step":100,"memory_percent":0.3171703272548406,"avg_decision_time_s":0.09347843666145929,"max_max_tile":8192,"peak_memory_usage_mb":101.4296875,"mean_moves_to_game_over":2801.39,"agent":"expectimax","moves":2262,"game_index":99,"win":true,"avg_memory_bytes":1.0613828266666667e+08,"hyperparameters":{"path":"media/table/hyperparameters_100_63678547350a2482d895.table.json","ncols":2,"nrows":1,"_type":"table-file","sha256":"63678547350a2482d8958750cae2cf1d37a70342fcb6184702285cdfe8c0e06b","size":61,"artifact_path":"wandb-client-artifact://hc3nr4qbvpld0faz6ljl1a5fotevizhrb650n9rel9espdx741apk7midmd0ikkc56mbv04ymadnscb2xhaplcqogyq1w9k9gnbg485onkmkfnx3jk7oagwlbc84coyg/hyperparameters.table.json","_latest_artifact_path":"wandb-client-artifact://hu756tr0z46uw8p2itll0f8yveugp6qo3c9hjntd4bu472c8ownli47190y3c9deuywlqwq54oefyp1oq0oywm86uhg9maqor1o72ovtkuuc0pmefptrjfyod8y1rj1c:latest/hyperparameters.table.json"},"score_variance":6.574285873599999e+08,"mean_decision_time_s":0.08864568581711109,"mean_score":60953.2,"game_time_s":211.4577571391128,"cpu_time_s":211.75000000000145,"mean_memory_usage_mb":95.61905002711146,"num_games":100,"win_rate":0.95,"max_tile":4096,"_timestamp":1.7464210720654056e+09,"_wandb":{"runtime":24836},"mean_game_time_s":248.34329325908328,"mean_max_tile":3819.52}