{"_wandb":{"runtime":2},"score_variance":2.7658824e+06,"win_rate":0,"_runtime":2.430609,"mean_memory_usage_mb":147.32673684210528,"win":false,"avg_memory_bytes":1.5450112e+08,"mean_game_time_s":0.020049358301912436,"mean_decision_time_s":6.633923655619926e-05,"mean_score":3910,"max_score":6700,"final_score":3236,"max_tile":256,"num_games":10,"_timestamp":1.746378650165718e+09,"moves":267,"peak_memory_usage_mb":147.34375,"memory_percent":0.3996955023871528,"game_time_s":0.018518957993364893,"avg_decision_time_s":6.890623198694825e-05,"max_max_tile":512,"hyperparameters":{"ncols":2,"nrows":1,"_type":"table-file","sha256":"73aa6609ac0341a396f1c0c57fb8f3df5be53c3bdef5dfcb57a5f57c38fc9552","size":67,"artifact_path":"wandb-client-artifact://by82kvib67c4b6k105axfjcyvddch7gnokeje1kfm6ox6ntd4g4go3bqfcfy9s8gmh6hg5m2yb3owbieavzjak7drfdga4pesj3wij777hgf1o6ebn988p7m7nd7kwxp/hyperparameters.table.json","_latest_artifact_path":"wandb-client-artifact://jx12efgpfn3xpm5696rsc7xm4tf3wmyyqpnd7vxm9tdcp8715doig72q9lzdhb8syiw9i2jrt5pp8mongrma20l3d8fda1jb8k1dxlgoiihrwjvkcckjl65ra2f9bnms:latest/hyperparameters.table.json","path":"media/table/hyperparameters_10_73aa6609ac0341a396f1.table.json"},"mean_max_tile":307.2,"game_index":9,"avg_memory_mb":147.34375,"min_score":1848,"_step":10,"cpu_time_s":0.018518336000000024,"agent":"a_star","mean_moves_to_game_over":299.9}