{"max_tile":256,"mean_game_time_s":60.89107097582892,"_step":5,"min_score":912,"final_score":2428,"game_time_s":78.60203401977196,"score_variance":407658.24000000005,"hyperparameters":{"artifact_path":"wandb-client-artifact://4ppj51vmnuqy4pnq43fjghj3lcckwel6nkaer7sntizrc5ytc7iea9t733lh95l4kt5fui29ervgoui0bh1ahgzn4dev551zr8816tc0thqgy80wqrdopyptdo8gu5zk/hyperparameters.table.json","_latest_artifact_path":"wandb-client-artifact://uo24uu5yz9gljxmvj22uazai06gccn0uulyaze12jc49aunkzgvzubmsq6grov6a6s0bdz68hdgeigrzpvc0dtjhobvj554lwiwhasmc5h12alnxqepxy1bcrzrtx3wo:latest/hyperparameters.table.json","path":"media/table/hyperparameters_5_47f3bace5359131b5d84.table.json","ncols":2,"nrows":2,"_type":"table-file","sha256":"47f3bace5359131b5d84fb250190ff81dbed42328f42f6e4204aa2b25bdc8c7f","size":94},"mean_score":1758.4,"game_index":4,"avg_memory_mb":101.3203125,"max_max_tile":256,"avg_decision_time_s":0.3742872060010476,"mean_max_tile":204.8,"mean_memory_usage_mb":101.4103135146104,"_wandb":{"runtime":305},"mean_decision_time_s":0.38056135018588977,"max_score":2428,"agent":"mcts","num_games":5,"_runtime":305.42776832,"_timestamp":1.746472556971859e+09,"mean_moves_to_game_over":160,"avg_memory_bytes":1.06242048e+08,"cpu_time_s":78.73,"memory_percent":0.3174804065580304,"peak_memory_usage_mb":102.35546875,"win":false,"moves":210,"win_rate":0}