{"_runtime":1.542087,"max_score":0,"cpu_time_s":0.0001479679999999428,"win":false,"game_index":9,"agent":"a_star","_step":10,"peak_memory_usage_mb":146.96875,"num_games":10,"mean_max_tile":2.8,"win_rate":0,"avg_memory_mb":146.96875,"mean_score":0,"mean_moves_to_game_over":0,"max_max_tile":4,"_wandb":{"runtime":1},"min_score":0,"mean_game_time_s":0.00021082070015836506,"avg_memory_bytes":1.54107904e+08,"memory_percent":0.3986782497829861,"avg_decision_time_s":0.00011154199455631897,"hyperparameters":{"sha256":"26f70e363a7b916a560de4e8ab9a85cfbd43432c50114513dfed51c917453cca","size":68,"artifact_path":"wandb-client-artifact://uvabobws522uwwks44o9v9c0lt0jqi9qiei78usq3syvkfv9yqsh56setvy6t3qnaithoaryughwon4hbplw02s4wfri4s8hnza7s0kro80p9xh05y599zui3d8f7rht/hyperparameters.table.json","_latest_artifact_path":"wandb-client-artifact://3bmzkgxdwdxcptcxe9hyf8yfugluxy9ae1ivsudiqsfsdjex1huj54p2xbduk62d3vun9ak5f32m1z38ikdg5lymcmv2h6u8sfdv6ckqp3eabu3c288bk6ybo1k32a99:latest/hyperparameters.table.json","path":"media/table/hyperparameters_10_26f70e363a7b916a560d.table.json","ncols":2,"nrows":1,"_type":"table-file"},"_timestamp":1.746347444722386e+09,"mean_memory_usage_mb":146.96875,"mean_decision_time_s":0.0001679793989751488,"final_score":0,"moves":0,"max_tile":4,"score_variance":0,"game_time_s":0.00014775000454392284}