{"win":false,"max_max_tile":256,"min_score":1276,"avg_decision_time_s":0.001076901511567616,"mean_decision_time_s":0.0011172712695336786,"mean_game_time_s":0.2314944476354867,"game_time_s":0.20941845420747995,"_timestamp":1.7464482657693417e+09,"max_score":4128,"hyperparameters":{"ncols":2,"nrows":1,"_type":"table-file","sha256":"10b261b409eb0643eb25a9d74468d4e700628cf91de5660e85e9a9af6d362e5d","size":67,"artifact_path":"wandb-client-artifact://5kyydyjocd0d7qbtaj746cn2x9tra6ef5w2o2cm31gb7iet8geh5c4as21a75v0jtw0vlns7seemzs4os2byj8g8wgx8n9ko5f917enepg2u5sjgknok75hbrz7cpg43/hyperparameters.table.json","_latest_artifact_path":"wandb-client-artifact://u13birkjhdi0rlpxyowv2djd5g3w5bd1isqlpqn024cvwk9nvpnj305a4yu0lfa122lkoh9m9xtakjmimbcvy3pc5ctpmtqkaufk7c3m860dq6kexihscv1kmu0voacm:latest/hyperparameters.table.json","path":"media/table/hyperparameters_10_10b261b409eb0643eb25.table.json"},"mean_moves_to_game_over":206.6,"mean_memory_usage_mb":90.40067708333333,"game_index":9,"memory_percent":0.2832696834363674,"score_variance":604160,"cpu_time_s":0.20999999999999996,"avg_memory_mb":90.40234375,"num_games":10,"agent":"a_star","avg_memory_bytes":9.4793728e+07,"win_rate":0,"_step":10,"mean_score":2392,"max_tile":128,"_runtime":3.67897084,"peak_memory_usage_mb":90.40234375,"moves":194,"mean_max_tile":204.8,"_wandb":{"runtime":3},"final_score":2096}