{"final_score":37172,"cpu_time_s":237.32999999999998,"avg_memory_mb":90.88703762755102,"avg_decision_time_s":0.12159696652823003,"_wandb":{"runtime":998},"game_time_s":237.00193693768233,"avg_memory_bytes":9.530196636734694e+07,"game_index":0,"memory_percent":0.2847884392070929,"max_tile":2048,"_timestamp":1.7463902914858804e+09,"win":true,"_runtime":237.698575069,"_step":0,"moves":1949}