{"max_score":2384,"hyperparameters":{"sha256":"971a26b1dda3a7fc253c721bbe344b35e57e1cb5453af06ca41d67d204fd49c2","size":91,"artifact_path":"wandb-client-artifact://sqlvdzbnenlv7ss461t7ecxakvd25pjig1v38yukdhb0efgnz05056ovb9wxklbax3g6qw04paq9sxi1w8ceubo72lvi9lt5xnqb09ponipvbeomnuxy3299cr630hvu/hyperparameters.table.json","_latest_artifact_path":"wandb-client-artifact://oo4xt9jcyzq33phkh2lkits9smx72jzau1b7x73zcuspwx32l7a64azit21bi59vr4oqiolpmzokjyotigqzt7sfgje4ff6k8bvrcjpqjxu655flpeeewjmo0n507eez:latest/hyperparameters.table.json","path":"media/table/hyperparameters_5_971a26b1dda3a7fc253c.table.json","ncols":2,"nrows":2,"_type":"table-file"},"game_time_s":2.092354640830308,"avg_memory_mb":93.48046875,"final_score":2384,"peak_memory_usage_mb":93.48046875,"game_index":4,"mean_decision_time_s":0.010363740588727431,"win_rate":0,"cpu_time_s":2.0900000000000034,"_wandb":{"runtime":14},"max_max_tile":256,"_timestamp":1.7464721366269872e+09,"mean_max_tile":204.8,"max_tile":256,"_step":5,"mean_moves_to_game_over":158.6,"_runtime":14.236146980000001,"mean_game_time_s":1.6443610308691858,"avg_decision_time_s":0.01051087834025223,"memory_percent":0.2929147817619024,"avg_memory_bytes":9.8021376e+07,"win":false,"num_games":5,"mean_memory_usage_mb":93.48046875,"moves":199,"min_score":996,"mean_score":1784.8,"agent":"mcts","score_variance":329020.16000000003}