{"agent":"ida_star","_timestamp":1.746455236238874e+09,"game_index":29,"moves":249,"_step":30,"avg_decision_time_s":0.004047616674792934,"mean_score":2961.2,"game_time_s":1.0087372967973351,"avg_memory_bytes":9.5911936e+07,"peak_memory_usage_mb":91.46875,"score_variance":1.5081142933333332e+06,"cpu_time_s":1.0100000000000051,"max_score":6564,"win":false,"_wandb":{"runtime":30},"max_tile":256,"mean_moves_to_game_over":242.43333333333334,"min_score":1216,"hyperparameters":{"ncols":2,"nrows":1,"_type":"table-file","sha256":"2c5ccf783a982f2048798ddc3f2b81a1acbc990f238760be48ecbf76529db29f","size":67,"artifact_path":"wandb-client-artifact://e297un86hvjt9rlen8nuph7ex3rhplg6ip92trega7o51ahw61xexa4owy1jqrncti6c1ky3bwvlw0nm5c32szg5b9em3fh6gl209pzr9vv6kl444av8rvn1s7mqavwe/hyperparameters.table.json","_latest_artifact_path":"wandb-client-artifact://cwayqbbxyebhjzmbtz5tpkwp55s53ztiwp11y337tagtim3ya8plnocvz9qqtzo9lvs8om1d4nj4cqnh0rau2clugccub5lrdqdn4qg7e9baezofocjexdmtjpgv0rea:latest/hyperparameters.table.json","path":"media/table/hyperparameters_30_2c5ccf783a982f204879.table.json"},"mean_max_tile":247.46666666666667,"_runtime":30.455908043,"mean_memory_usage_mb":91.37604166666667,"num_games":30,"final_score":3048,"memory_percent":0.28661119592732054,"mean_game_time_s":0.9814980670188864,"mean_decision_time_s":0.004045098537055958,"max_max_tile":512,"avg_memory_mb":91.46875,"win_rate":0}