{"score_variance":5.073872758463997e+06,"final_score":1988,"cpu_time_s":0.019999999999999574,"game_index":999,"num_games":1000,"_wandb":{"runtime":18},"mean_score":3870.744,"max_score":14620,"game_time_s":0.010647058952599764,"peak_memory_usage_mb":102.17578125,"mean_moves_to_game_over":297.98,"_timestamp":1.7464272937811081e+09,"_runtime":18.355495462,"avg_decision_time_s":5.398104212393886e-05,"agent":"greedy_bfs","moves":190,"max_tile":128,"win_rate":0,"mean_decision_time_s":5.400606754363879e-05,"avg_memory_mb":102.17578125,"max_max_tile":1024,"memory_percent":0.3201609605342895,"mean_memory_usage_mb":95.20701608071354,"mean_max_tile":300.192,"_step":999,"mean_game_time_s":0.016705968740861863,"avg_memory_bytes":1.07139072e+08,"min_score":380,"win":false}