{"final_score":1400,"win":false,"win_rate":0,"max_max_tile":256,"max_tile":128,"mean_score":799.6072,"_wandb":{"runtime":40},"mean_moves_to_game_over":98.7066,"mean_max_tile":71.456,"moves":150,"mean_memory_usage_mb":100.263060140345,"avg_memory_bytes":1.1548672e+08,"num_games":5000,"_timestamp":1.74648706639839e+09,"max_score":3588,"memory_percent":0.3451060244777418,"avg_decision_time_s":6.747435467938582e-05,"game_time_s":0.010495029389858246,"peak_memory_usage_mb":110.13671875,"min_score":28,"hyperparameters":{"sha256":"14c79777f1504ec10c42a1101e61df2b92e6a19e2b27e2bb702c74fe02713b74","size":122,"artifact_path":"wandb-client-artifact://ya31d0lb2e698o52nw4z2toue88th8bcmfcpmipmgve3ibhejys5ik5wnm6ucbsl1wz6mty1w2rcc99e0cw4396an29wyq4h74gtwh2bj1pp0krvesdxg4e0fo4ogttc/hyperparameters.table.json","_latest_artifact_path":"wandb-client-artifact://3nanxve4dqmz203ap4yeauwk7p8gunulgb2oj3tshuh4vjjxbmpalnq5tmfbnq99tk70306ywlguqkdcwpeyeqzfxshgtjxwecl0do5og8sor1rn848sxsuy4o6qn47a:latest/hyperparameters.table.json","path":"media/table/hyperparameters_5000_14c79777f1504ec10c42.table.json","ncols":2,"nrows":3,"_type":"table-file"},"_step":5000,"mean_game_time_s":0.006735552798397839,"agent":"td_learning","avg_memory_mb":110.13671875,"cpu_time_s":0.00999999999999801,"mean_decision_time_s":6.530692425122079e-05,"game_index":4999,"_runtime":40.304108536,"score_variance":253054.58170815968}