{"agent":"ida_star","_wandb":{"runtime":93},"game_time_s":1.5008148727938533,"win_rate":0,"mean_score":2737.96,"avg_memory_mb":90.6328125,"min_score":592,"score_variance":1.8772199983999997e+06,"mean_decision_time_s":0.004008548034641169,"num_games":100,"hyperparameters":{"sha256":"26f70e363a7b916a560de4e8ab9a85cfbd43432c50114513dfed51c917453cca","size":68,"artifact_path":"wandb-client-artifact://7wsno49vfi57hlykhvxhvxrdcfl6ptz2c1htanhtqqt74us6oznqitvqvjm63emw6o3ph9ghdt3gikwyb2cze9lgs5gky676dmaw1klvlvk0rgjqlfyixn0kpeq53bjn/hyperparameters.table.json","_latest_artifact_path":"wandb-client-artifact://chxamrc1tqnetx9847t62tdrbf4nkth5dnfupu6icbvxam6bkmhfs0du17f7dbas8d4lh3inqeodpbwzem06i3te0sph6870dpglsr3dtfnze1dahj7ipaft5qv404y4:latest/hyperparameters.table.json","path":"media/table/hyperparameters_100_26f70e363a7b916a560d.table.json","ncols":2,"nrows":1,"_type":"table-file"},"avg_decision_time_s":0.004094303337490705,"mean_memory_usage_mb":90.1887048665304,"mean_game_time_s":0.9223018125258386,"max_max_tile":512,"_step":100,"max_score":7040,"_runtime":93.706968934,"moves":366,"final_score":5128,"game_index":99,"memory_percent":0.2839918418135331,"mean_max_tile":229.12,"win":false,"_timestamp":1.7464890461527545e+09,"avg_memory_bytes":9.5035392e+07,"cpu_time_s":1.500000000000009,"mean_moves_to_game_over":229.8,"peak_memory_usage_mb":90.6328125,"max_tile":512}