{"mean_decision_time_s":0.00010632501105245528,"_wandb":{"runtime":2},"game_index":49,"avg_memory_bytes":9.4875648e+07,"avg_decision_time_s":0.00010482361368367593,"cpu_time_s":0.03000000000000025,"mean_max_tile":268.16,"mean_moves_to_game_over":270.34,"win":false,"moves":271,"agent":"greedy_bfs","memory_percent":0.2835144828862541,"final_score":3068,"_timestamp":1.746388942871622e+09,"_runtime":2.197747922,"score_variance":5.495639302400001e+06,"max_max_tile":1024,"win_rate":0,"mean_game_time_s":0.02934816506691277,"mean_memory_usage_mb":90.23496154328592,"num_games":50,"_step":49,"game_time_s":0.029030682984739542,"max_tile":128,"mean_score":3451.76,"max_score":11388,"min_score":536,"avg_memory_mb":90.48046875,"peak_memory_usage_mb":90.48046875}