{"_step":999,"_runtime":5.324042299,"final_score":556,"mean_memory_usage_mb":100.36825746763448,"mean_game_time_s":0.0036099234158173204,"moves":78,"game_time_s":0.0023775980807840824,"min_score":128,"mean_max_tile":107.136,"max_tile":64,"avg_memory_bytes":1.06143744e+08,"mean_moves_to_game_over":118.203,"avg_decision_time_s":2.8052074739184136e-05,"memory_percent":0.31718664721816636,"game_index":999,"_wandb":{"runtime":5},"win_rate":0,"mean_score":1092.796,"win":false,"max_score":3124,"score_variance":289807.7983839998,"num_games":1000,"cpu_time_s":0.010000000000001563,"_timestamp":1.7464279547699065e+09,"agent":"random","mean_decision_time_s":2.8261169167991958e-05,"peak_memory_usage_mb":101.2265625,"max_max_tile":256,"avg_memory_mb":101.2265625}