{"max_score":5244,"mean_memory_usage_mb":291.0819498811156,"mean_decision_time_s":6.765646692208707e-05,"peak_memory_usage_mb":485.91015625,"max_max_tile":512,"memory_percent":1.5225668984876657,"win":false,"agent":"td_learning","avg_memory_mb":485.91015625,"final_score":1208,"_runtime":816.366730245,"avg_decision_time_s":6.796663918935541e-05,"score_variance":257634.19842762616,"mean_game_time_s":0.007018169600148685,"mean_moves_to_game_over":99.53507,"win_rate":0,"game_time_s":0.009497902821749449,"avg_memory_bytes":5.09513728e+08,"moves":134,"mean_max_tile":72.37496,"mean_score":810.46576,"max_tile":128,"game_index":99999,"num_games":100000,"_wandb":{"runtime":816},"cpu_time_s":0.009999999999990905,"_timestamp":1.746485592244675e+09,"_step":100000,"min_score":20,"hyperparameters":{"artifact_path":"wandb-client-artifact://vwwbhrb3ejpzb81e2j89jj4fzh1gf66t70wixyr2f55d2j7ivj0os4jmgglqvr8b9zetmjs61hp0dg99bc9yk23c0wlray4oup4jk52z7mab7w5eh29v1t7u6djo9gqx/hyperparameters.table.json","_latest_artifact_path":"wandb-client-artifact://o804oxyo0v3b9agg52s9m57dxmivu932f7vnizkacz0oqo7qo51p98f97j7ep6b22dzzdj9irdf4w7w32tmoz1mqqwvi7vld3bbn1j6zhfnsjtbnlpv0lv87a7wmefip:latest/hyperparameters.table.json","path":"media/table/hyperparameters_100000_14c79777f1504ec10c42.table.json","ncols":2,"nrows":3,"_type":"table-file","sha256":"14c79777f1504ec10c42a1101e61df2b92e6a19e2b27e2bb702c74fe02713b74","size":122}}