{"avg_memory_bytes":9.4416896e+07,"_step":49,"score_variance":5.77348112e+06,"avg_decision_time_s":0.00010871535237386542,"max_max_tile":1024,"avg_memory_mb":90.04296875,"mean_memory_usage_mb":89.85497152200276,"min_score":928,"agent":"greedy_bfs","cpu_time_s":0.03000000000000025,"num_games":50,"game_index":49,"mean_game_time_s":0.03466517727822065,"_runtime":2.505600306,"mean_max_tile":332.8,"max_score":10664,"memory_percent":0.28214360596688864,"mean_moves_to_game_over":317.18,"peak_memory_usage_mb":90.04296875,"_wandb":{"runtime":2},"max_tile":256,"win_rate":0,"game_time_s":0.029368669725954533,"final_score":3212,"moves":265,"_timestamp":1.7463890642263167e+09,"win":false,"mean_score":4225.2,"mean_decision_time_s":0.00010706917553960626}