{"max_tile":256,"mean_game_time_s":0.14471593392081558,"max_max_tile":1024,"game_index":99,"final_score":3200,"mean_memory_usage_mb":90.84384634177563,"_runtime":16.144596682,"score_variance":4.502800759999997e+06,"cpu_time_s":0.13000000000000256,"max_score":15372,"mean_max_tile":264.64,"agent":"ida_star","avg_memory_mb":91.23046875,"mean_score":3469.8,"win":false,"mean_decision_time_s":0.0005215055308898369,"hyperparameters":{"nrows":1,"_type":"table-file","sha256":"2c5ccf783a982f2048798ddc3f2b81a1acbc990f238760be48ecbf76529db29f","size":67,"artifact_path":"wandb-client-artifact://pjv50x78t6hloxcmp65qcrbppnn29bldncfvbsowqz4lmhfc8qzigz7s0110z1ficor54bn61dbgsytsjlzun44a4eowp5dcsj3pf88lppb5rs1y5ir31gsam736p7w7/hyperparameters.table.json","_latest_artifact_path":"wandb-client-artifact://qwr7r1s549xy2rgr7fk82own1g8ulk24v21bdas4lvnjl7p7pqsg5omoze8kp3bpaiequccgh877p7nen12kskvm5ulyc3nf6kz0xtpkt2pbx1n5jnqdpea2iljbu7c4:latest/hyperparameters.table.json","path":"media/table/hyperparameters_100_2c5ccf783a982f204879.table.json","ncols":2},"min_score":212,"peak_memory_usage_mb":91.23046875,"game_time_s":0.1406630352139473,"_step":100,"avg_decision_time_s":0.0005276561169972959,"num_games":100,"mean_moves_to_game_over":275.8,"avg_memory_bytes":9.566208e+07,"_timestamp":1.7464884748995025e+09,"memory_percent":0.28586455760516616,"win_rate":0,"moves":265,"_wandb":{"runtime":16}}