{"avg_memory_bytes":9.631744e+07,"win":false,"avg_memory_mb":91.85546875,"_runtime":18.990517683,"hyperparameters":{"artifact_path":"wandb-client-artifact://m1qvbbprhnrq65fv2rabvocvyy6kpsprqdbwnocqkpyzn3c82lkyfr85k1h2l4dox4t2t0tpes9yofz10l984xk9sspg3e46iq8upucnaf2bi8wifagjmy38f16u0i8r/hyperparameters.table.json","_latest_artifact_path":"wandb-client-artifact://fmzz6gartix7ghkyq9qk4v7t60j2klnjjagie75sck665ltdb3yqcf0q142kn2fijw7z5j3zkw6rbxk067ba1fd9g1ng4au99u2e07c5spq7ghhqcdhnic8y8kkm1epe:latest/hyperparameters.table.json","path":"media/table/hyperparameters_20_26f70e363a7b916a560d.table.json","ncols":2,"nrows":1,"_type":"table-file","sha256":"26f70e363a7b916a560de4e8ab9a85cfbd43432c50114513dfed51c917453cca","size":68},"max_score":6648,"num_games":20,"mean_game_time_s":0.900904722046107,"agent":"ida_star","mean_moves_to_game_over":273.15,"mean_memory_usage_mb":91.85546875,"peak_memory_usage_mb":91.85546875,"max_max_tile":512,"_step":20,"game_time_s":1.069642216898501,"mean_max_tile":268.8,"cpu_time_s":1.0700000000000023,"min_score":728,"game_index":19,"final_score":3820,"moves":311,"memory_percent":0.28782295320425955,"avg_decision_time_s":0.003436454652637914,"_wandb":{"runtime":18},"score_variance":3.208224159999999e+06,"mean_score":3449.2,"max_tile":256,"mean_decision_time_s":0.0032948913541439194,"_timestamp":1.7464533239356697e+09,"win_rate":0}