{"memory_percent":0.28309832382144673,"peak_memory_usage_mb":90.34765625,"final_score":3600,"_timestamp":1.7463883928284907e+09,"min_score":3420,"win":false,"_step":9,"_wandb":{"runtime":1},"mean_max_tile":332.8,"max_tile":256,"max_max_tile":512,"mean_score":4518.8,"avg_decision_time_s":7.674453177615361e-05,"game_time_s":0.024458379950374365,"_runtime":1.218202748,"win_rate":0,"score_variance":1.4494529599999997e+06,"mean_decision_time_s":7.581251764893194e-05,"avg_memory_bytes":9.4736384e+07,"moves":303,"game_index":9,"agent":"greedy_bfs","avg_memory_mb":90.34765625,"num_games":10,"mean_moves_to_game_over":352.2,"mean_game_time_s":0.027648483403027058,"mean_memory_usage_mb":90.24765625,"cpu_time_s":0.03000000000000025,"max_score":6528}