{"mean_moves_to_game_over":210.8,"_runtime":3.74592695,"agent":"a_star","win":false,"min_score":1260,"game_index":9,"hyperparameters":{"artifact_path":"wandb-client-artifact://1u7g6w7xzgqwo9wdypxz8xew3vl5931552jm0ti8r49una4q49kvrogicc2azggfowlb36979ron32rtt2nnh52cscuhdlnjehbvdd08e3z2tgwqdedbhup7etk5ijfx/hyperparameters.table.json","_latest_artifact_path":"wandb-client-artifact://x33er46yruzwmc9jxa6to1147t379q4oz941ppdso8wqeu8sk3mqd16dbvtdvkl716kko8l06twpfffbv9ux0g1tkp2d1ecrgikdsnz2lb6id4bug1m0vlvfmfvjy3z6:latest/hyperparameters.table.json","path":"media/table/hyperparameters_10_10b261b409eb0643eb25.table.json","ncols":2,"nrows":1,"_type":"table-file","sha256":"10b261b409eb0643eb25a9d74468d4e700628cf91de5660e85e9a9af6d362e5d","size":67},"max_score":3324,"avg_memory_mb":90.234375,"moves":206,"_wandb":{"runtime":3},"mean_max_tile":192,"score_variance":509866.4,"avg_decision_time_s":0.0010418151753945548,"final_score":2256,"_step":10,"_timestamp":1.7464480529952004e+09,"mean_decision_time_s":0.0011096749305848804,"cpu_time_s":0.20999999999999996,"max_tile":128,"memory_percent":0.28274336461911104,"game_time_s":0.21523280022665858,"mean_memory_usage_mb":90.23270833333333,"max_max_tile":256,"peak_memory_usage_mb":90.234375,"avg_memory_bytes":9.46176e+07,"mean_game_time_s":0.23467145143076779,"mean_score":2394,"win_rate":0,"num_games":10}