{"_runtime":29.059472241,"_timestamp":1.7464475697869768e+09,"win":false,"cpu_time_s":28.42,"avg_memory_mb":92.375,"max_tile":256,"memory_percent":0.28945086954600596,"game_index":0,"final_score":3504,"moves":275,"avg_memory_bytes":9.6862208e+07,"avg_decision_time_s":0.10319008187983524,"_step":0,"game_time_s":28.378567163832486,"_wandb":{"runtime":3187}}