{"cpu_time_s":0.020000000000004903,"final_score":756,"_timestamp":1.7464888028422854e+09,"memory_percent":0.40352741319319707,"_runtime":83.280412352,"_wandb":{"runtime":34471},"avg_memory_mb":128.78125,"avg_memory_bytes":1.35036928e+08,"game_index":9610,"win":false,"avg_decision_time_s":8.164997212588788e-05,"game_time_s":0.008813983295112848,"moves":100,"_step":9610,"max_tile":64}