{"max_score":6820,"peak_memory_usage_mb":90.71875,"max_tile":128,"_wandb":{"runtime":5},"min_score":660,"mean_game_time_s":0.08675844741053879,"game_index":49,"_step":50,"hyperparameters":{"_latest_artifact_path":"wandb-client-artifact://ek1fuktvsg1vvy2wkav33f6fxrzfs3lyxskcrxba5whoeziyktya8obqn66x3vjng9b8522drov66n9p1bfbx6w6mrgxgf2myv6vqsj85r7b31xow928yl44ey3y9yo9:latest/hyperparameters.table.json","path":"media/table/hyperparameters_50_39185498705ef2e447b9.table.json","ncols":2,"nrows":1,"_type":"table-file","sha256":"39185498705ef2e447b95430c2dbdd967d27bd55fb921442448f1722332f55a9","size":67,"artifact_path":"wandb-client-artifact://0h0esm69cjuiwp8dc1vf3xk4xth8kfzk1mpgb1qh75sw74e5mvqg5iywjsuonlbpn93qy60gomfjozfzyhhvlu23cwsnh3bd0xcl8sw5imbrrng5qpiw6b5bwayclvp7/hyperparameters.table.json"},"avg_decision_time_s":0.0004786951742934052,"avg_memory_mb":90.71875,"_runtime":5.880203422,"avg_memory_bytes":9.5125504e+07,"win_rate":0,"mean_score":2043.76,"_timestamp":1.7464473913745525e+09,"mean_max_tile":171.52,"game_time_s":0.08202954614534974,"mean_decision_time_s":0.0004697638426963136,"mean_moves_to_game_over":183.34,"win":false,"score_variance":1.1529327423999996e+06,"num_games":50,"moves":169,"max_max_tile":512,"final_score":1808,"cpu_time_s":0.08000000000000007,"memory_percent":0.2842611212084084,"mean_memory_usage_mb":90.53707358674463,"agent":"a_star"}