{"peak_memory_usage_mb":91.5546875,"max_max_tile":256,"_wandb":{"runtime":1},"max_score":2280,"_step":50,"avg_memory_bytes":9.6002048e+07,"cpu_time_s":0,"mean_decision_time_s":6.635771309956909e-05,"num_games":50,"final_score":472,"hyperparameters":{"path":"media/table/hyperparameters_50_14c79777f1504ec10c42.table.json","ncols":2,"nrows":3,"_type":"table-file","sha256":"14c79777f1504ec10c42a1101e61df2b92e6a19e2b27e2bb702c74fe02713b74","size":122,"artifact_path":"wandb-client-artifact://mehcar9y6quf0aoigkpkoqjlxowrqb8u3t9ct0ox5i40klda9pg7g8goavht8jvzo4pol7gi1zhdef4rb00jssw4whh62ft3zzzbay73dh2q5qpr1ayjgrqpgtzlsyug/hyperparameters.table.json","_latest_artifact_path":"wandb-client-artifact://pmkw874h8kf8ftkqlrjuwil1yykktfg3g8g5c0g0rudysctxbe1x9yt1rpkxourizq7z52sgm9z4b29dbgpqayr29k0pu93ysq6y2vy6ec4uatci6vw9r4nymu9pcnky:latest/hyperparameters.table.json"},"game_index":49,"mean_moves_to_game_over":100,"max_tile":32,"avg_decision_time_s":6.575517356395722e-05,"moves":75,"mean_memory_usage_mb":91.5546875,"win":false,"mean_max_tile":72.32,"avg_memory_mb":91.5546875,"score_variance":230694.0416,"mean_game_time_s":0.006938222926110029,"win_rate":0,"memory_percent":0.28688047532219585,"min_score":140,"game_time_s":0.005155243910849094,"mean_score":805.28,"_timestamp":1.7464841988666735e+09,"_runtime":1.405558393,"agent":"td_learning"}