{"num_games":150000,"max_score":5172,"mean_decision_time_s":7.207069945734265e-05,"_wandb":{"runtime":1274},"_timestamp":1.7464902598326662e+09,"final_score":1300,"hyperparameters":{"nrows":3,"_type":"table-file","sha256":"14c79777f1504ec10c42a1101e61df2b92e6a19e2b27e2bb702c74fe02713b74","size":122,"artifact_path":"wandb-client-artifact://sy4d6f1mmuya3kphbwjmc80dr3fbg8auceci4lad8err3t37l5ahxa22pkkkvftytrzblcy5ea59sj615odtv5fupzld8s3aoyuto4mn1h01b991ayh6odomynugc9rz/hyperparameters.table.json","_latest_artifact_path":"wandb-client-artifact://c2nz01jv7kcsarz4d1gg4kec1uddjmh079tcabvej29lnbhq7ycuz59ffv5aw4x97t8xvrumv5yn46rb5f9dhffoiapqairt8wm117xr0p6rya3zgqtfj77yahvha55q:latest/hyperparameters.table.json","path":"media/table/hyperparameters_150000_14c79777f1504ec10c42.table.json","ncols":2},"_runtime":1274.953918529,"min_score":8,"win_rate":0,"peak_memory_usage_mb":686.25390625,"mean_max_tile":72.57864,"score_variance":260138.6486224988,"memory_percent":2.150085808327171,"max_max_tile":512,"game_index":149999,"cpu_time_s":0.009999999999990905,"mean_moves_to_game_over":99.74984,"win":false,"game_time_s":0.010341212153434753,"avg_memory_bytes":7.19507456e+08,"agent":"td_learning","moves":141,"mean_game_time_s":0.0074915251152620965,"_step":150000,"avg_decision_time_s":7.052903215513161e-05,"avg_memory_mb":686.17578125,"mean_memory_usage_mb":388.6519940613893,"max_tile":128,"mean_score":813.13152}