{"max_score":0,"final_score":0,"mean_score":0,"win":false,"agent":"mcts","mean_memory_usage_mb":90.10859375,"mean_max_tile":2.4,"num_games":10,"peak_memory_usage_mb":90.30859375,"avg_memory_mb":90.30859375,"memory_percent":0.2829759240965034,"game_time_s":0.03649359196424484,"win_rate":0,"_wandb":{"runtime":1},"_step":10,"game_index":9,"moves":0,"score_variance":0,"avg_decision_time_s":0.036399956792593,"mean_game_time_s":0.03648307486437261,"hyperparameters":{"size":93,"artifact_path":"wandb-client-artifact://xydi6mk1xgms7y2ee2f86sym8bp1zrt6rj2th4p353l6hr80hqorau7rk8t1bcyoarkv2zei6ogu5qzexq9q4krngp8o4qoejhurjkb273bj9p7f72vybehlhmyxm1j9/hyperparameters.table.json","_latest_artifact_path":"wandb-client-artifact://6w8tqf2hqfvsew2y159edfjgbym4u7rgebuehzj420cyyoyeaoyy4nrl0o1hlnak60zjyspzoing01424nebaawwf7u4qafwyt88tfd8pj8ri9nxb5dt40kql7tiip2w:latest/hyperparameters.table.json","path":"media/table/hyperparameters_10_921e228fb69722a1a53b.table.json","ncols":2,"nrows":2,"_type":"table-file","sha256":"921e228fb69722a1a53b0b00ac598873fb4e94474dafcd9c6d97fb6aa059b827"},"_timestamp":1.7464766917906256e+09,"max_max_tile":4,"min_score":0,"_runtime":1.8575423469999999,"mean_moves_to_game_over":0,"mean_decision_time_s":0.036371345072984694,"max_tile":4,"cpu_time_s":0.040000000000000036,"avg_memory_bytes":9.4695424e+07}