{"avg_decision_time_s":0.0004880391399722633,"_wandb":{"runtime":2},"max_tile":512,"final_score":5036,"max_max_tile":512,"score_variance":3.1949262399999993e+06,"cpu_time_s":0.16999999999999993,"mean_decision_time_s":0.0004983786209825648,"mean_score":4015.6,"num_games":10,"agent":"ida_star","win_rate":0,"peak_memory_usage_mb":91.7421875,"min_score":2108,"_step":10,"mean_game_time_s":0.15133055932819844,"mean_max_tile":320,"win":false,"moves":344,"avg_memory_mb":91.7421875,"mean_memory_usage_mb":91.7421875,"game_time_s":0.16897641122341156,"hyperparameters":{"sha256":"2c5ccf783a982f2048798ddc3f2b81a1acbc990f238760be48ecbf76529db29f","size":67,"artifact_path":"wandb-client-artifact://q6ufutsqxm79wq72ekay5xw3am0ol1hosc1l5ljyww9o12flhy9ctosehisk7x6yxfcy6yei5k979g9f06pgfg7gymb62qgsr5xswodi41nwrf3k6jai0hbzqh7ldi6n/hyperparameters.table.json","_latest_artifact_path":"wandb-client-artifact://ktqox400xszzbhi96ervod3bnu2hum9fk7ln3ajquz7m1094a24jfsdiyinf53vo6pf98ogqccggjv3rs2o6mfq0mxo13jvz9fpb22a69ju4fregdgzvh3c1dgflx6mw:latest/hyperparameters.table.json","path":"media/table/hyperparameters_10_2c5ccf783a982f204879.table.json","ncols":2,"nrows":1,"_type":"table-file"},"memory_percent":0.2874679940019239,"avg_memory_bytes":9.6198656e+07,"game_index":9,"_timestamp":1.7464546913101885e+09,"_runtime":2.476537567,"mean_moves_to_game_over":302,"max_score":8140}