{"memory_percent":0.277158949110243,"win_rate":0,"avg_decision_time_s":8.530661533512056e-05,"avg_memory_bytes":1.07134976e+08,"_wandb":{"runtime":1},"game_index":49,"peak_memory_usage_mb":102.171875,"agent":"td_learning","moves":39,"max_max_tile":256,"num_games":50,"mean_moves_to_game_over":99.32,"_runtime":1.828144,"max_score":2324,"mean_score":805.28,"game_time_s":0.003362291998200817,"_step":50,"final_score":152,"mean_game_time_s":0.006524357379967114,"hyperparameters":{"path":"media/table/hyperparameters_50_98717065fc26011d5f74.table.json","ncols":2,"nrows":3,"_type":"table-file","sha256":"98717065fc26011d5f7404be94bec704b45e45eb4e61fc8dc1f3d3e8d05b622d","size":120,"artifact_path":"wandb-client-artifact://pmu11wy64tx0znwh9ehg3hhzf9fz5lrcm0jk4nhzj7otmnj9j4lwg370hueyb4b1613pc1wc4cqu8v85cuc3udlbaradvoo2y4a9k2meza54q05pj9oe56rkljy5q6j4/hyperparameters.table.json","_latest_artifact_path":"wandb-client-artifact://34kbkniso335jzq6lvr38gl7x64a7pkbwcslm7blo6f6hxzfa12mzvcps7wxlg4wpwl4kpth4k53kapp7yuhbbqrjajliehaftskhg7az8clriiumdzlqn7pufpojost:latest/hyperparameters.table.json"},"score_variance":306180.1216,"avg_memory_mb":102.171875,"mean_memory_usage_mb":102.05907451923076,"max_tile":16,"mean_decision_time_s":6.513929598628422e-05,"_timestamp":1.746220591171999e+09,"cpu_time_s":0.00383718400000288,"min_score":76,"mean_max_tile":68.32,"win":false}