{"avg_memory_mb":102.40353260869566,"moves":446,"peak_memory_usage_mb":102.40625,"mean_max_tile":588.8,"hyperparameters":{"nrows":1,"_type":"table-file","sha256":"39185498705ef2e447b95430c2dbdd967d27bd55fb921442448f1722332f55a9","size":67,"artifact_path":"wandb-client-artifact://fqaebmjyqsoo5sbcqs5zrzorfn03vlgdk78wl0ns0incvm1kuc63b2gxzgizffvq2bl0rv65hzcy23f9elx1m2w375zlttqv75rkbx9vdqgthptwtccoz78shqpuzh6w/hyperparameters.table.json","_latest_artifact_path":"wandb-client-artifact://zq14p9da1eqejk544ww36cys7fs5xkjif9rxqdoeloo8wjiyl3fa9wtvovo0c8i9ymlk0ed48mhukn3483emdmgh6aevwg5nldf0cb9xn5zfakoc0a4u06rvn0j41hyq:latest/hyperparameters.table.json","path":"media/table/hyperparameters_10_39185498705ef2e447b9.table.json","ncols":2},"win_rate":0,"cpu_time_s":0.25282873600000005,"num_games":10,"mean_game_time_s":0.2805467498998041,"_runtime":4.414675,"max_score":12004,"game_index":9,"_timestamp":1.746220003282955e+09,"mean_decision_time_s":0.0005878979683012948,"avg_decision_time_s":0.0005654284865860337,"game_time_s":0.2524264579988085,"_step":10,"min_score":3188,"max_tile":512,"memory_percent":0.27778736059216486,"score_variance":6.349991839999999e+06,"mean_score":7271.6,"final_score":6676,"mean_moves_to_game_over":476.6,"_wandb":{"runtime":4},"avg_memory_bytes":1.0737788660869566e+08,"mean_memory_usage_mb":102.27236777501787,"max_max_tile":1024,"agent":"a_star","win":false}