{"score_variance":269266.19175935886,"peak_memory_usage_mb":110.68359375,"mean_memory_usage_mb":100.45318994769084,"avg_memory_bytes":1.1606016e+08,"_step":5000,"moves":56,"win":false,"game_index":4999,"mean_max_tile":73.1744,"game_time_s":0.0038585658185184,"mean_decision_time_s":6.559217618350091e-05,"mean_game_time_s":0.006863935455400497,"mean_score":819.9008,"avg_memory_mb":110.68359375,"avg_decision_time_s":6.588451131912214e-05,"max_score":4908,"_runtime":40.886938253,"max_tile":32,"max_max_tile":512,"min_score":36,"_timestamp":1.7464869683652244e+09,"final_score":308,"cpu_time_s":0,"hyperparameters":{"_latest_artifact_path":"wandb-client-artifact://w3hv07vbpnrt1bj7685jksscjxswbadetxa96zpkrx971hmh839ie656l5w7wzu2ay8g2wkmbq94zegnwf3qftj31th5wtw0hsfquqnbi12p3r1byx0vnwnpo08fxot5:latest/hyperparameters.table.json","path":"media/table/hyperparameters_5000_14c79777f1504ec10c42.table.json","ncols":2,"nrows":3,"_type":"table-file","sha256":"14c79777f1504ec10c42a1101e61df2b92e6a19e2b27e2bb702c74fe02713b74","size":122,"artifact_path":"wandb-client-artifact://a4eknry69b7x381gmfkpmfv8wd4gzvya4ui9q2guju5z5fb3j66roujnomi07oy4cim93usmbdz5paxhgcvpcn0dp3pvp2mlhrswbhlotl1b0vbrdb9touz2q037zefd/hyperparameters.table.json"},"mean_moves_to_game_over":100.3094,"agent":"td_learning","win_rate":0,"_wandb":{"runtime":40},"num_games":5000,"memory_percent":0.34681962062694854}