{"_step":10,"hyperparameters":{"ncols":2,"nrows":1,"_type":"table-file","sha256":"2c5ccf783a982f2048798ddc3f2b81a1acbc990f238760be48ecbf76529db29f","size":67,"artifact_path":"wandb-client-artifact://4nd7bt9vfx8r5vjtjmk1ihmrpkhb6lv427z7hm36ohzbskehxtbjq4l1h3n2d1wtqmbmuwgs5a7awcu8u4ulw6s38umil85ojq34iv8p5sqgcktqu9tyyiz9u5f0laxa/hyperparameters.table.json","_latest_artifact_path":"wandb-client-artifact://wkm75bex7ol7lf5cwr0a1wkzp434uwcstj5zoywq7dtud3w6cpeerfbx44d0bsbnvhd5z8ycss6axh55vppa056s0dw3lfmn3rhzbl0eiefhk9oh75mwkdrg256gz944:latest/hyperparameters.table.json","path":"media/table/hyperparameters_10_2c5ccf783a982f204879.table.json"},"win":false,"max_tile":512,"game_index":9,"score_variance":2.49302096e+06,"mean_memory_usage_mb":90.59291666666667,"max_max_tile":512,"mean_moves_to_game_over":200.7,"avg_memory_bytes":9.4994432e+07,"_wandb":{"runtime":9},"agent":"ida_star","win_rate":0,"final_score":5468,"_runtime":9.749508728,"avg_decision_time_s":0.004127282287097639,"mean_max_tile":211.2,"max_score":5468,"mean_decision_time_s":0.004099062943945239,"peak_memory_usage_mb":90.59375,"mean_game_time_s":0.8234297377988696,"game_time_s":1.5984615259803832,"cpu_time_s":1.5999999999999996,"memory_percent":0.2838694420885897,"_timestamp":1.7464551961983852e+09,"min_score":1008,"num_games":10,"avg_memory_mb":90.59375,"mean_score":2329.2,"moves":387}