{"max_score":4980,"_wandb":{"runtime":13},"max_tile":128,"_timestamp":1.7464475250796993e+09,"win_rate":0,"mean_memory_usage_mb":92.03375,"memory_percent":0.2863174365874565,"final_score":1420,"avg_memory_bytes":9.5813632e+07,"game_time_s":0.17745859222486615,"score_variance":1.0396495935999998e+06,"moves":145,"avg_memory_mb":91.375,"num_games":50,"hyperparameters":{"nrows":1,"_type":"table-file","sha256":"10b261b409eb0643eb25a9d74468d4e700628cf91de5660e85e9a9af6d362e5d","size":67,"artifact_path":"wandb-client-artifact://900e308pi54xswoi83tb7qocahc3y5ywbw62lsg3eh9vgmzsojqj324or9fp6c68nj5cbehgeht1jkd3jic55qxwdyz530iatsog2v7ztz1pl7t72l4yyvj2h1aqbxi0/hyperparameters.table.json","_latest_artifact_path":"wandb-client-artifact://99lxcaae44vjeif5ol3exje7505kgxa2m31apeic87g4j2ghfjiiewhl2wbg3q3f9vxjxjjxu865ffjdxbo1tvpdp598e74bco1rtafugapw9u8yx3qs6faye9twiok7:latest/hyperparameters.table.json","path":"media/table/hyperparameters_50_10b261b409eb0643eb25.table.json","ncols":2},"_runtime":13.520425546,"cpu_time_s":0.18000000000000682,"mean_decision_time_s":0.0012144533766194107,"min_score":872,"mean_max_tile":204.8,"game_index":49,"agent":"a_star","mean_game_time_s":0.2494770453684032,"_step":50,"max_max_tile":512,"mean_score":2376.08,"peak_memory_usage_mb":92.34375,"avg_decision_time_s":0.001220654631996977,"mean_moves_to_game_over":204.86,"win":false}